location,subtype,price,room_number,area,facade_count,building_condition,predicted_price
1000,APARTMENT,630000,6,213,4,AS_NEW,668920
1000,FLAT_STUDIO,169000,0,39,4,GOOD,167970
1000,APARTMENT,235000,1,55,2,GOOD,218100
1000,APARTMENT,270000,2,105,2,GOOD,301467
1000,APARTMENT,210000,2,70,2,GOOD,211175
1000,APARTMENT,290000,1,80,2,GOOD,261160
1000,APARTMENT,179000,1,35,2,TO_BE_DONE_UP,153080
1000,DUPLEX,445000,1,96,2,JUST_RENOVATED,408975
1000,APARTMENT,485000,2,140,2,JUST_RENOVATED,482170
1000,APARTMENT,470000,2,140,2,JUST_RENOVATED,482170
1000,LOFT,399000,2,96,2,AS_NEW,401430
1000,APARTMENT,650000,2,173,2,JUST_RENOVATED,596750
1000,FLAT_STUDIO,185000,0,37,2,AS_NEW,216225
1000,APARTMENT,369000,1,72,2,AS_NEW,368870
1000,APARTMENT,455000,2,80,2,AS_NEW,370780
1000,APARTMENT,295000,2,80,2,AS_NEW,370780
1000,APARTMENT,375000,3,110,2,GOOD,375187
1000,LOFT,600000,2,160,3,AS_NEW,553000
1000,MIXED_USE_BUILDING,550000,3,145,2,TO_RENOVATE,504300
1000,FLAT_STUDIO,169000,1,33,2,GOOD,166027
1000,APARTMENT,399000,2,97,3,TO_BE_DONE_UP,384130
1000,APARTMENT,329000,2,90,4,TO_BE_DONE_UP,387147
1000,APARTMENT,660000,3,144,4,AS_NEW,551222
1000,FLAT_STUDIO,155000,0,26,2,GOOD,153523
1000,APARTMENT,265000,2,69,2,TO_BE_DONE_UP,268507
1000,FLAT_STUDIO,160000,1,36,4,GOOD,159263
1000,DUPLEX,450000,2,110,2,AS_NEW,457408
1000,APARTMENT,259000,2,69,2,TO_BE_DONE_UP,268507
1000,APARTMENT,295000,2,90,2,AS_NEW,381969
1000,APARTMENT,395000,3,116,2,AS_NEW,400062
1000,APARTMENT,490000,2,167,2,AS_NEW,510923
1000,APARTMENT,250000,2,80,4,AS_NEW,282590
1000,APARTMENT,249000,1,77,2,AS_NEW,370428
1000,FLAT_STUDIO,220000,1,38,2,GOOD,208440
1000,GROUND_FLOOR,308500,2,102,4,AS_NEW,350928
1000,APARTMENT,220000,1,56,2,TO_BE_DONE_UP,219270
1000,APARTMENT,265000,1,101,2,JUST_RENOVATED,372610
1000,PENTHOUSE,590000,3,150,2,AS_NEW,562050
1000,APARTMENT,499000,2,105,2,AS_NEW,456532
1000,APARTMENT,135000,1,34,2,GOOD,172620
1000,APARTMENT,379000,2,91,3,GOOD,371330
1000,APARTMENT,259000,1,81,2,JUST_RENOVATED,257270
1000,APARTMENT,435000,2,102,4,AS_NEW,411722
1000,TRIPLEX,525000,2,140,2,AS_NEW,494505
1000,PENTHOUSE,369000,2,120,2,GOOD,377974
1000,APARTMENT,268000,1,62,3,AS_NEW,308435
1000,APARTMENT,189000,1,40,2,GOOD,183960
1000,APARTMENT,420000,2,102,2,AS_NEW,416835
1000,APARTMENT,179000,1,52,2,GOOD,181150
1000,APARTMENT,269000,1,83,2,JUST_RENOVATED,272310
1000,LOFT,749000,3,183,2,GOOD,668670
1000,APARTMENT,585000,2,112,3,AS_NEW,473968
1000,APARTMENT,439000,2,108,2,JUST_RENOVATED,416297
1000,PENTHOUSE,595000,2,102,3,GOOD,375920
1000,APARTMENT,300000,2,105,2,GOOD,301467
1000,PENTHOUSE,499000,2,122,2,AS_NEW,459065
1000,APARTMENT,460000,3,141,2,AS_NEW,497710
1000,APARTMENT,285000,2,94,4,AS_NEW,314545
1000,APARTMENT,280000,2,80,2,GOOD,261483
1000,APARTMENT,298000,3,103,3,AS_NEW,348388
1000,APARTMENT,595000,2,109,3,AS_NEW,530155
1000,APARTMENT,219000,2,65,2,GOOD,241085
1000,DUPLEX,430000,2,90,2,JUST_RENOVATED,398688
1000,APARTMENT,560000,2,111,2,AS_NEW,442145
1000,APARTMENT,350000,2,84,2,AS_NEW,324760
1000,LOFT,360000,2,137,1,GOOD,414300
1000,APARTMENT,300000,2,95,3,GOOD,324533
1000,APARTMENT,219000,2,80,2,JUST_RENOVATED,243421
1000,APARTMENT,200000,2,70,2,GOOD,211175
1000,APARTMENT,355000,1,71,2,AS_NEW,366357
1000,APARTMENT,345000,2,65,3,AS_NEW,334205
1000,APARTMENT,160000,1,45,2,GOOD,170788
1000,HOUSE,750000,5,250,2,JUST_RENOVATED,696970
1000,APARTMENT,270000,2,91,2,GOOD,318243
1000,FLAT_STUDIO,174000,1,40,2,GOOD,199200
1000,DUPLEX,429000,2,119,2,AS_NEW,415078
1000,APARTMENT,349000,1,74,1,AS_NEW,341768
1000,APARTMENT,370000,2,92,3,GOOD,369920
1000,APARTMENT,435000,3,119,3,GOOD,422701
1000,APARTMENT,420000,2,80,4,AS_NEW,282590
1000,MIXED_USE_BUILDING,760000,6,256,2,AS_NEW,641130
1000,GROUND_FLOOR,430000,2,100,2,JUST_RENOVATED,372352
1000,APARTMENT,140000,1,41,2,GOOD,175865
1000,APARTMENT,265000,2,76,2,GOOD,268817
1000,APARTMENT,499000,2,170,2,GOOD,507980
1000,APARTMENT,297000,1,75,2,AS_NEW,312379
1000,APARTMENT,315000,2,74,2,AS_NEW,317235
1000,APARTMENT,380000,1,70,2,AS_NEW,385070
1000,APARTMENT,235000,1,45,2,JUST_RENOVATED,219760
1000,APARTMENT_BLOCK,495000,3,200,2,AS_NEW,565310
1000,TRIPLEX,340000,4,150,2,AS_NEW,402070
1000,APARTMENT,349700,2,117,2,GOOD,354544
1000,APARTMENT,650000,3,127,2,AS_NEW,579467
1000,APARTMENT,400000,2,87,2,GOOD,373560
1000,APARTMENT,630000,3,137,2,GOOD,562970
1000,MIXED_USE_BUILDING,575000,2,250,2,TO_BE_DONE_UP,578245
1000,APARTMENT,364000,2,100,2,GOOD,386220
1000,HOUSE,385000,5,187,2,GOOD,473190
1000,FLAT_STUDIO,123000,0,38,2,AS_NEW,159592
1000,DUPLEX,560000,2,124,2,AS_NEW,476574
1000,APARTMENT,425000,2,115,2,AS_NEW,419365
1000,GROUND_FLOOR,269000,1,90,2,JUST_RENOVATED,307511
1000,APARTMENT,470000,2,90,2,AS_NEW,381969
1000,APARTMENT,233000,2,79,4,GOOD,263590
1000,FLAT_STUDIO,189000,1,35,2,GOOD,171684
1000,PENTHOUSE,495000,1,67,2,AS_NEW,286783
1000,APARTMENT,439000,2,115,2,AS_NEW,419365
1000,APARTMENT,560000,3,145,3,AS_NEW,558060
1000,APARTMENT,265000,1,55,1,AS_NEW,261930
1000,APARTMENT,690000,3,200,3,AS_NEW,688070
1000,APARTMENT,226000,0,54,4,GOOD,215610
1000,HOUSE,320000,3,158,3,TO_BE_DONE_UP,398940
1000,APARTMENT,270000,0,83,4,AS_NEW,297870
1000,DUPLEX,360000,2,96,2,AS_NEW,428980
1000,APARTMENT,420000,1,73,2,AS_NEW,388375
1000,PENTHOUSE,340000,2,80,2,AS_NEW,362696
1000,APARTMENT,225000,1,67,2,AS_NEW,270433
1000,APARTMENT,235000,1,60,4,AS_NEW,337787
1000,HOUSE,699000,4,258,2,GOOD,677187
1000,APARTMENT,335000,1,65,2,AS_NEW,335400
1000,APARTMENT,249000,2,65,2,GOOD,241085
1000,TRIPLEX,625000,3,153,2,JUST_RENOVATED,398860
1000,APARTMENT,335000,2,121,2,AS_NEW,365305
1000,APARTMENT_BLOCK,575000,4,250,2,TO_RENOVATE,528480
1000,HOUSE,749000,3,189,2,JUST_RENOVATED,680050
1000,DUPLEX,345000,2,110,2,JUST_RENOVATED,372577
1000,FLAT_STUDIO,165000,1,37,2,GOOD,176467
1000,APARTMENT,585000,2,109,3,AS_NEW,530155
1000,PENTHOUSE,415000,2,97,2,AS_NEW,410020
1000,APARTMENT,365000,1,73,2,AS_NEW,388375
1000,PENTHOUSE,480000,2,95,2,GOOD,343070
1000,APARTMENT,390000,2,95,1,AS_NEW,375825
1000,APARTMENT,495000,3,165,2,AS_NEW,496187
1000,APARTMENT,260000,2,89,4,AS_NEW,292572
1000,DUPLEX,359000,3,137,2,JUST_RENOVATED,401828
1000,GROUND_FLOOR,510000,2,155,2,AS_NEW,513890
1000,APARTMENT,435000,2,100,2,GOOD,386220
1000,APARTMENT,175000,1,34,2,GOOD,172620
1000,APARTMENT,510000,3,140,2,GOOD,512530
1000,APARTMENT,270000,1,88,4,AS_NEW,328340
1000,PENTHOUSE,310000,2,78,2,AS_NEW,362213
1000,GROUND_FLOOR,445000,2,94,2,AS_NEW,424085
1000,APARTMENT,400000,1,70,2,AS_NEW,385070
1000,APARTMENT,499000,4,160,2,GOOD,483680
1000,DUPLEX,579000,3,141,3,AS_NEW,566240
1000,PENTHOUSE,400000,4,195,2,AS_NEW,503745
1000,APARTMENT,489000,2,107,4,GOOD,421975
1000,APARTMENT,259000,2,69,2,GOOD,249415
1000,APARTMENT,160000,1,43,2,TO_BE_DONE_UP,155190
1000,APARTMENT,265000,2,90,2,GOOD,358473
1000,APARTMENT,239000,2,78,2,GOOD,253373
1000,APARTMENT,695000,3,166,4,AS_NEW,653477
1000,LOFT,550000,2,265,2,GOOD,564860
1000,FLAT_STUDIO,140000,0,25,2,GOOD,144513
1000,APARTMENT,390000,2,161,2,GOOD,422785
1000,DUPLEX,765000,3,197,2,GOOD,746787
1000,FLAT_STUDIO,155000,1,35,2,GOOD,171684
1000,LOFT,370000,2,160,2,AS_NEW,409750
1000,DUPLEX,269000,1,90,2,GOOD,370160
1000,PENTHOUSE,575000,3,168,3,AS_NEW,567000
1000,APARTMENT,465000,2,111,2,TO_BE_DONE_UP,375084
1000,APARTMENT,305000,2,120,2,GOOD,339559
1000,APARTMENT,399000,2,80,3,AS_NEW,388051
1000,APARTMENT,320000,2,89,2,GOOD,361273
1000,APARTMENT,595000,3,254,2,GOOD,619018
1000,APARTMENT,365000,2,102,2,JUST_RENOVATED,378902
1000,APARTMENT,310000,2,96,2,GOOD,330810
1000,APARTMENT,295000,2,80,2,TO_BE_DONE_UP,283321
1000,APARTMENT,299000,3,107,3,TO_RENOVATE,308720
1000,APARTMENT,255000,2,82,2,AS_NEW,304137
1000,APARTMENT,299000,1,57,2,AS_NEW,288570
1000,APARTMENT,230000,1,70,2,GOOD,227612
1000,APARTMENT,285000,1,60,2,AS_NEW,307240
1000,APARTMENT,159000,1,38,2,AS_NEW,162810
1000,APARTMENT,285000,2,71,2,JUST_RENOVATED,272563
1000,DUPLEX,760000,3,197,2,GOOD,746787
1000,APARTMENT_BLOCK,650000,5,200,3,AS_NEW,631180
1000,APARTMENT,420000,3,120,2,AS_NEW,402632
1000,PENTHOUSE,750000,2,158,4,AS_NEW,692232
1000,GROUND_FLOOR,640000,2,110,3,AS_NEW,567980
1000,EXCEPTIONAL_PROPERTY,495000,4,129,2,AS_NEW,498810
1000,FLAT_STUDIO,215000,0,41,2,GOOD,203677
1000,APARTMENT,430000,1,77,3,AS_NEW,408628
1000,FLAT_STUDIO,159000,1,30,2,AS_NEW,171755
1000,FLAT_STUDIO,125000,0,24,2,AS_NEW,173865
1000,APARTMENT,349000,1,85,2,JUST_RENOVATED,320990
1000,HOUSE,525000,5,200,2,TO_BE_DONE_UP,556457
1000,APARTMENT,450000,2,95,2,AS_NEW,416567
1000,APARTMENT,340000,2,70,2,AS_NEW,351397
1000,FLAT_STUDIO,235000,1,45,2,AS_NEW,212739
1000,APARTMENT,355000,2,100,2,GOOD,386220
1000,APARTMENT,375000,1,72,2,AS_NEW,368870
1000,HOUSE,619000,3,123,2,AS_NEW,540761
1000,APARTMENT_BLOCK,595000,3,170,2,JUST_RENOVATED,574760
1000,APARTMENT,285000,2,75,2,GOOD,264731
1000,GROUND_FLOOR,345000,2,117,4,AS_NEW,393732
1000,APARTMENT_BLOCK,359000,3,200,2,TO_RENOVATE,423282
1000,APARTMENT,295000,1,74,2,AS_NEW,317904
1000,APARTMENT,380000,2,104,2,GOOD,354358
1000,APARTMENT,285000,2,100,4,AS_NEW,318660
1000,APARTMENT,695000,3,190,2,AS_NEW,687047
1000,MIXED_USE_BUILDING,595000,3,304,2,AS_NEW,613660
1000,APARTMENT,199000,1,48,2,JUST_RENOVATED,203730
1000,APARTMENT,475000,3,165,2,AS_NEW,496187
1000,APARTMENT,495000,2,102,2,AS_NEW,416835
1000,APARTMENT,425000,2,90,4,GOOD,400670
1000,LOFT,360000,1,152,2,AS_NEW,415650
1000,APARTMENT,330000,2,102,2,AS_NEW,416835
1000,APARTMENT,350000,2,122,2,AS_NEW,420927
1000,APARTMENT,375000,1,60,4,AS_NEW,337787
1000,APARTMENT,250000,1,66,2,GOOD,246130
1000,APARTMENT,385000,1,78,2,AS_NEW,375243
1000,APARTMENT,695000,2,140,3,AS_NEW,653010
1000,FLAT_STUDIO,239000,0,40,3,AS_NEW,214839
1000,APARTMENT,345000,2,95,1,AS_NEW,375825
1000,DUPLEX,375000,2,85,2,GOOD,365670
1000,PENTHOUSE,240000,1,73,3,GOOD,287098
1000,FLAT_STUDIO,175000,0,53,2,AS_NEW,196080
1000,FLAT_STUDIO,255000,0,37,2,AS_NEW,216225
1000,APARTMENT,535000,2,168,3,AS_NEW,549440
1000,APARTMENT,360000,2,117,2,AS_NEW,375098
1000,APARTMENT,210000,1,41,2,GOOD,175865
1000,APARTMENT,334200,3,125,4,AS_NEW,397220
1000,APARTMENT,345000,2,65,2,TO_BE_DONE_UP,305269
1000,FLAT_STUDIO,199000,0,38,2,GOOD,197050
1000,APARTMENT,140000,1,50,4,TO_BE_DONE_UP,147310
1000,APARTMENT,445000,1,90,4,AS_NEW,399375
1000,APARTMENT,299000,1,85,2,AS_NEW,315020
1000,APARTMENT,520000,3,132,2,TO_BE_DONE_UP,518320
1000,APARTMENT,730000,3,211,2,AS_NEW,688220
1000,FLAT_STUDIO,210000,1,52,2,JUST_RENOVATED,206610
1000,APARTMENT,420000,1,62,2,AS_NEW,371190
1000,FLAT_STUDIO,205000,0,40,2,AS_NEW,203923
1020,APARTMENT,289000,3,101,2,GOOD,266760
1020,APARTMENT,285000,2,94,4,AS_NEW,281926
1020,APARTMENT,229000,3,105,2,AS_NEW,324180
1020,APARTMENT,229000,2,100,2,GOOD,238912
1020,HOUSE,435000,5,185,2,TO_BE_DONE_UP,428890
1020,APARTMENT,445000,4,170,2,GOOD,446680
1020,PENTHOUSE,390000,3,110,2,GOOD,352142
1020,HOUSE,245000,3,100,2,TO_RENOVATE,253380
1020,APARTMENT,249500,2,95,2,GOOD,254674
1020,FLAT_STUDIO,135000,1,40,2,GOOD,155045
1020,APARTMENT_BLOCK,419000,3,180,2,GOOD,426370
1020,GROUND_FLOOR,250000,1,78,4,AS_NEW,265070
1020,DUPLEX,225000,3,111,2,GOOD,260245
1020,HOUSE,325000,2,170,2,JUST_RENOVATED,370120
1020,APARTMENT,249000,3,115,2,GOOD,285424
1020,TRIPLEX,334000,3,160,2,GOOD,356610
1020,APARTMENT,350000,2,140,2,GOOD,389470
1020,HOUSE,749000,5,310,2,GOOD,578930
1020,APARTMENT,220000,2,90,2,GOOD,266862
1020,GROUND_FLOOR,229000,2,65,2,GOOD,218290
1020,HOUSE,259000,2,80,2,GOOD,260600
1020,APARTMENT,295000,2,90,2,GOOD,266862
1020,PENTHOUSE,295000,2,100,1,GOOD,281738
1020,HOUSE,425000,6,220,2,GOOD,449410
1020,APARTMENT,190000,2,97,2,TO_RENOVATE,220775
1020,APARTMENT,390000,2,161,2,GOOD,393840
1020,TOWN_HOUSE,650000,4,215,2,AS_NEW,506650
1020,MIXED_USE_BUILDING,710000,0,326,2,GOOD,598260
1020,HOUSE,495000,5,272,2,GOOD,523830
1020,APARTMENT,159000,1,55,2,GOOD,160300
1020,HOUSE,620000,4,338,2,GOOD,616340
1020,APARTMENT,215000,2,82,2,GOOD,221169
1020,APARTMENT,199000,1,65,3,GOOD,186872
1020,APARTMENT,117500,1,44,2,TO_BE_DONE_UP,125360
1020,APARTMENT,259000,2,95,2,GOOD,254674
1020,APARTMENT,225000,2,97,2,GOOD,256677
1020,APARTMENT,153000,2,66,3,GOOD,174012
1020,DUPLEX,279000,3,140,3,GOOD,408517
1020,APARTMENT_BLOCK,349950,3,130,2,JUST_RENOVATED,376240
1020,FLAT_STUDIO,169000,1,65,2,GOOD,180160
1020,PENTHOUSE,545000,3,155,3,TO_BE_DONE_UP,501890
1020,APARTMENT_BLOCK,670000,5,365,2,TO_BE_DONE_UP,652630
1020,HOUSE,475000,4,175,2,TO_BE_DONE_UP,448680
1020,APARTMENT,334200,2,107,4,AS_NEW,406995
1020,HOUSE,430000,3,170,2,AS_NEW,478440
1020,APARTMENT,209000,2,85,4,GOOD,214360
1020,APARTMENT,195000,2,87,2,GOOD,214852
1020,HOUSE,315000,3,130,2,TO_BE_DONE_UP,387882
1020,APARTMENT,139000,1,50,4,GOOD,142950
1020,APARTMENT,189000,2,75,2,TO_BE_DONE_UP,186700
1020,HOUSE,399000,4,180,2,TO_BE_DONE_UP,417400
1020,APARTMENT,259000,3,100,2,JUST_RENOVATED,262672
1020,HOUSE,450000,7,306,3,GOOD,519830
1020,HOUSE,385000,5,180,2,GOOD,406340
1020,APARTMENT_BLOCK,675000,4,351,2,TO_BE_DONE_UP,649750
1020,APARTMENT,219000,2,80,2,JUST_RENOVATED,228835
1020,APARTMENT,199000,1,90,2,GOOD,219721
1020,APARTMENT,249000,2,80,2,GOOD,237334
1020,HOUSE,690000,5,283,2,TO_RENOVATE,625930
1020,APARTMENT,215000,2,85,2,GOOD,217430
1020,APARTMENT,150000,1,65,2,TO_BE_DONE_UP,165399
1020,LOFT,350000,2,132,2,JUST_RENOVATED,377716
1020,HOUSE,309000,3,110,2,GOOD,313390
1020,APARTMENT,195000,2,74,2,GOOD,193873
1020,APARTMENT,169000,1,68,2,GOOD,181739
1020,MIXED_USE_BUILDING,285000,2,195,2,TO_BE_DONE_UP,459640
1020,HOUSE,390000,3,180,2,TO_RENOVATE,433535
1030,APARTMENT,265000,3,130,2,TO_RENOVATE,306860
1030,FLAT_STUDIO,200000,0,46,2,AS_NEW,183637
1030,APARTMENT,269000,1,83,2,JUST_RENOVATED,264580
1030,PENTHOUSE,219000,4,150,2,TO_BE_DONE_UP,307550
1030,APARTMENT,349000,2,90,2,AS_NEW,315975
1030,APARTMENT,315000,3,117,3,AS_NEW,324708
1030,APARTMENT,170000,1,66,2,JUST_RENOVATED,186490
1030,APARTMENT,319000,3,117,2,GOOD,322102
1030,APARTMENT,245000,2,85,2,JUST_RENOVATED,258130
1030,APARTMENT,129000,1,45,2,TO_BE_DONE_UP,132900
1030,FLAT_STUDIO,150000,0,33,2,AS_NEW,159735
1030,HOUSE,625000,4,259,2,TO_BE_DONE_UP,616270
1030,DUPLEX,365000,2,110,2,GOOD,348810
1030,APARTMENT,370000,2,117,2,AS_NEW,363635
1030,APARTMENT,239000,2,71,2,AS_NEW,246463
1030,APARTMENT,395000,2,115,2,TO_BE_DONE_UP,369520
1030,APARTMENT,220000,1,75,2,AS_NEW,228015
1030,APARTMENT,215000,1,56,2,AS_NEW,237835
1030,APARTMENT,285000,2,84,2,GOOD,276280
1030,GROUND_FLOOR,225000,2,78,3,GOOD,248753
1030,DUPLEX,449000,2,125,2,GOOD,399120
1030,PENTHOUSE,525000,3,130,2,AS_NEW,486475
1030,DUPLEX,399000,7,275,3,TO_BE_DONE_UP,472982
1030,DUPLEX,359000,3,137,2,JUST_RENOVATED,376538
1030,DUPLEX,245000,2,123,2,TO_RENOVATE,303390
1030,MIXED_USE_BUILDING,448000,5,185,2,TO_RENOVATE,474870
1030,PENTHOUSE,495000,3,150,2,TO_BE_DONE_UP,439680
1030,APARTMENT,318000,2,100,3,JUST_RENOVATED,315450
1030,APARTMENT,259000,1,92,2,GOOD,253687
1030,APARTMENT,260000,2,125,2,TO_BE_DONE_UP,366320
1030,APARTMENT,300000,2,95,2,TO_BE_DONE_UP,291730
1030,FLAT_STUDIO,219000,0,40,2,GOOD,198200
1030,APARTMENT,420000,3,160,2,GOOD,424250
1030,APARTMENT,330000,3,115,2,GOOD,318280
1030,HOUSE,300000,3,115,2,TO_RENOVATE,294540
1030,APARTMENT,295000,2,91,2,GOOD,284505
1030,APARTMENT,370000,3,101,4,GOOD,348410
1030,APARTMENT,265000,3,110,2,GOOD,317890
1030,APARTMENT,320000,3,110,2,AS_NEW,351835
1030,APARTMENT,235000,1,79,2,TO_RENOVATE,239427
1030,APARTMENT,120000,1,57,2,TO_BE_DONE_UP,180835
1030,APARTMENT,345000,2,98,2,GOOD,249600
1030,APARTMENT,215000,1,98,2,GOOD,228610
1030,FLAT_STUDIO,185000,0,53,2,AS_NEW,198850
1030,APARTMENT,280000,3,90,2,TO_BE_DONE_UP,300790
1030,APARTMENT,245000,1,70,4,AS_NEW,253978
1030,APARTMENT,295000,2,75,2,AS_NEW,248748
1030,DUPLEX,395000,4,205,2,AS_NEW,493708
1030,APARTMENT,290000,2,80,2,JUST_RENOVATED,277911
1030,APARTMENT,310000,3,125,3,GOOD,322200
1030,HOUSE,379000,3,140,2,TO_RENOVATE,367620
1030,HOUSE,750000,7,291,2,JUST_RENOVATED,689950
1030,APARTMENT,240000,1,110,2,TO_RENOVATE,259980
1030,DUPLEX,219000,5,131,2,GOOD,348819
1030,APARTMENT,325000,2,105,2,GOOD,303240
1030,HOUSE,560000,3,180,3,JUST_RENOVATED,522540
1030,APARTMENT,219000,2,91,2,AS_NEW,249655
1030,GROUND_FLOOR,330000,2,93,2,AS_NEW,333705
1030,FLAT_STUDIO,149000,0,47,2,TO_BE_DONE_UP,147535
1030,APARTMENT,195000,1,43,2,GOOD,182017
1030,APARTMENT,335000,3,100,2,TO_RENOVATE,324390
1030,MANSION,660000,4,260,2,GOOD,650070
1030,APARTMENT,290000,2,105,2,AS_NEW,314890
1030,HOUSE,365000,4,110,2,TO_RENOVATE,266610
1030,APARTMENT,380000,3,110,2,AS_NEW,351835
1030,APARTMENT,225000,4,113,2,TO_RENOVATE,252530
1030,APARTMENT,269000,1,77,2,TO_RENOVATE,245870
1030,APARTMENT,360000,3,102,2,AS_NEW,353860
1030,APARTMENT,349000,2,120,2,AS_NEW,362478
1030,APARTMENT,437000,3,95,2,GOOD,377290
1030,HOUSE,745000,5,260,2,GOOD,673620
1030,APARTMENT_BLOCK,500000,3,216,2,GOOD,517130
1030,APARTMENT,259000,1,81,2,JUST_RENOVATED,259910
1030,APARTMENT,269000,2,90,3,JUST_RENOVATED,275020
1030,APARTMENT,135000,1,55,2,GOOD,150650
1030,DUPLEX,359000,1,117,3,AS_NEW,361610
1030,APARTMENT,329000,2,97,2,AS_NEW,304031
1030,APARTMENT,289000,2,110,2,GOOD,315562
1030,APARTMENT,300000,2,93,3,AS_NEW,297065
1030,APARTMENT,219000,2,79,2,GOOD,226353
1030,APARTMENT,225000,3,100,2,TO_BE_DONE_UP,319600
1030,HOUSE,545000,2,185,4,AS_NEW,546530
1030,GROUND_FLOOR,199000,2,91,2,GOOD,291095
1030,APARTMENT,276000,2,84,2,AS_NEW,278892
1030,APARTMENT,329000,3,95,4,GOOD,338120
1030,FLAT_STUDIO,110000,0,33,2,JUST_RENOVATED,137160
1030,APARTMENT,185000,1,65,2,GOOD,191630
1030,APARTMENT,225000,3,70,2,GOOD,219553
1030,APARTMENT,210000,2,95,2,GOOD,258780
1030,APARTMENT,175000,1,65,2,GOOD,191630
1030,APARTMENT,249000,2,94,2,GOOD,262680
1030,MIXED_USE_BUILDING,448000,5,270,2,TO_RENOVATE,489180
1030,APARTMENT,308500,2,102,4,AS_NEW,332730
1030,HOUSE,490000,4,150,2,AS_NEW,480923
1030,APARTMENT,520000,2,109,2,AS_NEW,463895
1030,APARTMENT,219000,2,80,2,GOOD,246873
1030,APARTMENT,250000,2,100,2,TO_BE_DONE_UP,261630
1030,APARTMENT,210000,1,77,2,GOOD,222190
1030,APARTMENT,285000,3,115,3,GOOD,306700
1030,DUPLEX,360000,3,215,2,AS_NEW,441731
1030,APARTMENT,169000,2,62,2,GOOD,183830
1030,HOUSE,359000,3,139,3,GOOD,380180
1030,HOUSE,615000,6,260,2,JUST_RENOVATED,640750
1030,APARTMENT,570000,2,200,2,AS_NEW,559340
1030,APARTMENT,345000,2,80,2,TO_BE_DONE_UP,313610
1030,GROUND_FLOOR,275000,2,85,2,JUST_RENOVATED,272820
1030,HOUSE,440000,7,250,2,TO_BE_DONE_UP,538840
1030,APARTMENT_BLOCK,765000,7,200,2,GOOD,677210
1030,APARTMENT,290000,3,125,2,GOOD,315687
1030,APARTMENT,139000,1,28,4,GOOD,144140
1030,APARTMENT,230000,2,56,2,GOOD,208440
1030,FLAT_STUDIO,149000,0,32,2,AS_NEW,158595
1030,APARTMENT_BLOCK,685000,4,245,2,AS_NEW,641460
1030,HOUSE,398000,4,194,2,GOOD,485190
1030,APARTMENT,300000,2,98,2,AS_NEW,300535
1030,FLAT_STUDIO,165000,0,55,2,GOOD,166040
1030,PENTHOUSE,240000,1,73,3,GOOD,266220
1030,FLAT_STUDIO,320000,1,70,2,AS_NEW,304693
1030,APARTMENT,280000,3,150,2,GOOD,331220
1030,APARTMENT,259000,2,80,2,GOOD,246873
1030,APARTMENT_BLOCK,650000,5,300,2,GOOD,591510
1030,APARTMENT,335000,3,100,3,TO_BE_DONE_UP,329590
1030,APARTMENT,445000,4,165,3,GOOD,461215
1030,HOUSE,760000,6,256,2,AS_NEW,718310
1030,APARTMENT_BLOCK,495000,4,250,3,GOOD,534720
1030,DUPLEX,197000,3,110,2,TO_RENOVATE,226150
1030,APARTMENT,195000,2,75,2,TO_RENOVATE,201910
1030,APARTMENT,235000,1,76,2,AS_NEW,232625
1030,APARTMENT,275000,2,72,2,GOOD,218930
1030,APARTMENT,270000,2,86,2,GOOD,274460
1030,GROUND_FLOOR,175000,1,65,2,AS_NEW,201060
1030,LOFT,375000,1,130,2,AS_NEW,387060
1030,HOUSE,279000,4,126,2,TO_BE_DONE_UP,310390
1030,APARTMENT,225000,1,85,2,AS_NEW,225818
1030,FLAT_STUDIO,175000,0,45,2,JUST_RENOVATED,178470
1030,APARTMENT,220000,2,100,2,GOOD,235940
1030,APARTMENT,175000,1,55,2,AS_NEW,240035
1030,APARTMENT,320000,2,95,2,AS_NEW,318769
1030,APARTMENT,425000,3,150,2,TO_BE_DONE_UP,398730
1030,APARTMENT,330000,2,85,2,AS_NEW,310110
1030,APARTMENT,425000,2,110,3,AS_NEW,412460
1030,APARTMENT_BLOCK,575000,5,320,2,GOOD,591580
1030,APARTMENT,240000,1,68,2,GOOD,187517
1030,FLAT_STUDIO,180000,0,56,2,GOOD,182135
1030,APARTMENT,250000,1,65,2,AS_NEW,244350
1030,APARTMENT,295000,2,120,3,GOOD,376190
1030,HOUSE,500000,5,165,2,TO_RENOVATE,441440
1030,HOUSE,395000,4,200,2,GOOD,505030
1030,LOFT,399000,2,159,2,AS_NEW,417400
1030,APARTMENT,139000,1,30,4,GOOD,141960
1030,APARTMENT,219000,2,75,2,GOOD,211761
1030,APARTMENT,281000,2,84,2,AS_NEW,278892
1030,DUPLEX,305000,2,123,2,AS_NEW,339590
1030,APARTMENT,310000,2,90,2,AS_NEW,315975
1030,DUPLEX,440000,2,120,3,GOOD,411580
1030,GROUND_FLOOR,245000,2,99,2,GOOD,265540
1030,APARTMENT,285000,2,87,2,GOOD,280330
1030,GROUND_FLOOR,255000,1,72,2,GOOD,244320
1040,APARTMENT,309000,2,100,2,GOOD,310620
1040,APARTMENT,215000,2,100,2,TO_RENOVATE,259595
1040,APARTMENT,520000,3,130,3,TO_BE_DONE_UP,501852
1040,HOUSE,595000,4,216,2,TO_RENOVATE,515920
1040,APARTMENT,575000,2,114,2,AS_NEW,518140
1040,GROUND_FLOOR,480000,3,150,2,JUST_RENOVATED,490600
1040,GROUND_FLOOR,520000,3,127,3,AS_NEW,499494
1040,APARTMENT,192000,1,60,3,GOOD,206595
1040,APARTMENT,319000,1,76,2,AS_NEW,282063
1040,DUPLEX,460000,2,108,2,AS_NEW,464168
1040,HOUSE,700000,5,240,2,GOOD,656130
1040,APARTMENT,675000,4,182,2,AS_NEW,645280
1040,APARTMENT,469000,3,140,2,TO_BE_DONE_UP,473340
1040,FLAT_STUDIO,179000,1,44,2,GOOD,182710
1040,DUPLEX,750000,2,200,2,AS_NEW,687694
1040,HOUSE,599000,6,232,2,TO_RENOVATE,566740
1040,APARTMENT,750000,2,123,2,JUST_RENOVATED,482530
1040,APARTMENT,440000,3,145,2,GOOD,450590
1040,DUPLEX,315000,2,90,2,JUST_RENOVATED,326512
1040,APARTMENT,320000,2,75,2,JUST_RENOVATED,318601
1040,APARTMENT,575000,3,196,2,AS_NEW,599600
1040,DUPLEX,380000,2,115,3,GOOD,387450
1040,PENTHOUSE,468000,1,74,4,AS_NEW,482250
1040,HOUSE,550000,4,140,2,TO_RENOVATE,510020
1040,HOUSE,550000,4,203,2,GOOD,549620
1040,APARTMENT,289000,2,80,2,GOOD,298519
1040,APARTMENT,440000,3,135,2,TO_BE_DONE_UP,458460
1040,APARTMENT,495000,2,103,2,AS_NEW,477822
1040,APARTMENT,310000,2,72,2,AS_NEW,297153
1040,APARTMENT,210000,2,64,2,TO_RENOVATE,212870
1040,APARTMENT,247000,1,64,3,GOOD,231304
1040,GROUND_FLOOR,655000,2,120,2,AS_NEW,590558
1040,APARTMENT,450000,2,95,2,AS_NEW,375941
1040,APARTMENT,535000,2,105,2,AS_NEW,498368
1040,APARTMENT,440000,2,112,2,AS_NEW,450954
1040,APARTMENT,375000,2,85,2,AS_NEW,348257
1040,APARTMENT,250000,1,65,2,GOOD,244233
1040,APARTMENT,450000,2,107,2,AS_NEW,462248
1040,HOUSE,630000,3,161,2,TO_RENOVATE,608770
1040,HOUSE,635000,3,150,2,AS_NEW,595785
1040,DUPLEX,560000,2,124,2,AS_NEW,512152
1040,APARTMENT,315000,2,75,2,GOOD,310340
1040,APARTMENT,229000,1,60,2,GOOD,212709
1040,APARTMENT,275000,2,74,2,GOOD,287380
1040,APARTMENT,600000,3,175,2,TO_BE_DONE_UP,601970
1040,APARTMENT,650000,3,155,3,AS_NEW,561417
1040,DUPLEX,495000,3,140,2,AS_NEW,498530
1040,APARTMENT,330000,2,75,2,JUST_RENOVATED,318601
1040,HOUSE,520000,3,140,2,AS_NEW,515472
1040,FLAT_STUDIO,169000,1,38,2,GOOD,178000
1040,APARTMENT,650000,3,159,2,GOOD,603700
1040,APARTMENT,250000,2,70,2,GOOD,268303
1040,APARTMENT,348000,2,85,2,AS_NEW,348257
1040,GROUND_FLOOR,275000,1,65,2,JUST_RENOVATED,265102
1040,APARTMENT,595000,3,254,2,GOOD,602900
1040,APARTMENT,315000,1,78,2,GOOD,311130
1040,GROUND_FLOOR,349000,1,70,2,GOOD,320460
1040,APARTMENT,590000,3,155,3,AS_NEW,561417
1040,APARTMENT,470000,3,158,2,GOOD,513900
1040,APARTMENT,289000,2,87,2,AS_NEW,281780
1040,HOUSE,469000,3,180,2,TO_RENOVATE,488975
1040,DUPLEX,329000,3,115,2,GOOD,345080
1040,APARTMENT,275000,2,93,2,TO_BE_DONE_UP,327115
1040,APARTMENT,259000,2,75,2,AS_NEW,280853
1040,APARTMENT,560000,3,155,3,AS_NEW,561417
1040,HOUSE,650000,4,190,2,GOOD,631260
1040,APARTMENT,189000,1,35,2,GOOD,178403
1040,APARTMENT,195000,1,50,2,GOOD,191630
1040,DUPLEX,510000,3,162,2,AS_NEW,532643
1040,APARTMENT,345000,2,76,2,GOOD,327823
1040,APARTMENT,292000,1,65,2,AS_NEW,267438
1040,PENTHOUSE,595000,2,75,3,AS_NEW,524120
1040,APARTMENT,395000,2,91,2,AS_NEW,338138
1040,APARTMENT,430000,3,145,2,GOOD,450590
1040,APARTMENT,295000,2,95,2,AS_NEW,375941
1040,APARTMENT,250000,1,50,2,GOOD,191630
1040,FLAT_STUDIO,145000,0,31,2,TO_RENOVATE,146075
1040,APARTMENT,473500,2,96,2,AS_NEW,373495
1040,APARTMENT,325000,3,90,3,TO_BE_DONE_UP,343255
1040,APARTMENT,269000,2,87,2,AS_NEW,281780
1040,APARTMENT,220000,1,76,2,AS_NEW,282063
1040,FLAT_STUDIO,255000,0,55,2,AS_NEW,246900
1040,FLAT_STUDIO,185000,0,38,1,AS_NEW,157533
1040,APARTMENT,295000,2,77,2,AS_NEW,294913
1040,APARTMENT,300000,2,80,2,AS_NEW,302300
1040,FLAT_STUDIO,207000,1,55,2,GOOD,202200
1040,APARTMENT,400000,2,105,2,JUST_RENOVATED,406720
1040,APARTMENT,345000,3,115,2,TO_BE_DONE_UP,377707
1040,APARTMENT,385000,2,97,2,GOOD,357945
1040,DUPLEX,299000,3,110,2,TO_BE_DONE_UP,348760
1040,APARTMENT,339000,2,90,2,GOOD,320932
1040,APARTMENT,479000,3,140,2,GOOD,475260
1040,FLAT_STUDIO,200000,1,50,2,GOOD,196560
1040,DUPLEX,499000,2,127,2,AS_NEW,509630
1040,APARTMENT,215000,1,60,3,GOOD,206595
1040,HOUSE,499000,4,205,2,GOOD,525730
1050,DUPLEX,530000,2,141,2,AS_NEW,563896
1050,APARTMENT,750000,2,117,2,JUST_RENOVATED,499640
1050,APARTMENT,645000,2,130,4,AS_NEW,583899
1050,HOUSE,415000,5,160,2,AS_NEW,523420
1050,APARTMENT,645000,2,135,2,AS_NEW,601200
1050,APARTMENT,695000,3,190,2,GOOD,692820
1050,FLAT_STUDIO,115000,0,36,1,TO_BE_DONE_UP,129270
1050,APARTMENT,699000,3,177,2,JUST_RENOVATED,684030
1050,APARTMENT,498000,4,120,2,JUST_RENOVATED,493890
1050,GROUND_FLOOR,725000,3,198,3,AS_NEW,714572
1050,FLAT_STUDIO,129000,0,28,2,TO_BE_DONE_UP,133915
1050,APARTMENT_BLOCK,520000,3,115,2,GOOD,461160
1050,APARTMENT,400000,1,70,2,AS_NEW,358372
1050,HOUSE,595000,3,170,2,TO_BE_DONE_UP,589030
1050,APARTMENT,615000,2,117,2,JUST_RENOVATED,499640
1050,APARTMENT,365000,2,84,2,GOOD,357334
1050,APARTMENT,325000,2,74,2,AS_NEW,338322
1050,LOFT,749000,2,242,3,AS_NEW,633735
1050,APARTMENT,497500,2,84,2,AS_NEW,457538
1050,APARTMENT,279000,2,112,2,TO_BE_DONE_UP,491984
1050,APARTMENT,325000,2,80,2,AS_NEW,335341
1050,APARTMENT,600000,2,116,2,TO_BE_DONE_UP,557660
1050,APARTMENT,325000,1,70,2,AS_NEW,358372
1050,APARTMENT_BLOCK,560000,3,175,2,GOOD,589425
1050,APARTMENT,365000,2,90,3,TO_BE_DONE_UP,387745
1050,APARTMENT,490000,2,127,2,JUST_RENOVATED,504810
1050,APARTMENT,360000,2,92,2,GOOD,350778
1050,APARTMENT,465000,2,102,2,AS_NEW,453600
1050,FLAT_STUDIO,165000,0,35,2,GOOD,166535
1050,APARTMENT,445000,3,127,2,AS_NEW,502305
1050,APARTMENT,650000,2,172,2,TO_BE_DONE_UP,631700
1050,APARTMENT,435000,2,95,2,AS_NEW,483248
1050,PENTHOUSE,395000,2,73,3,JUST_RENOVATED,388758
1050,APARTMENT,395000,2,114,2,GOOD,466557
1050,FLAT_STUDIO,215000,1,31,2,JUST_RENOVATED,198530
1050,APARTMENT,400000,2,79,2,AS_NEW,379365
1050,APARTMENT,345000,2,110,2,AS_NEW,451034
1050,APARTMENT,635000,4,180,2,TO_BE_DONE_UP,630500
1050,APARTMENT,695000,3,166,4,AS_NEW,684970
1050,APARTMENT,579000,2,112,2,AS_NEW,534084
1050,APARTMENT,345000,2,92,2,GOOD,350778
1050,DUPLEX,348000,1,82,2,TO_BE_DONE_UP,359060
1050,APARTMENT,410000,1,82,2,GOOD,379835
1050,APARTMENT,460000,1,91,3,TO_BE_DONE_UP,438515
1050,APARTMENT,375000,2,104,2,AS_NEW,402100
1050,APARTMENT,680000,2,128,2,AS_NEW,616440
1050,APARTMENT,299000,2,80,2,GOOD,311295
1050,APARTMENT,595000,2,109,3,AS_NEW,576877
1050,MIXED_USE_BUILDING,625000,4,140,2,TO_RENOVATE,583420
1050,APARTMENT,299000,1,85,2,GOOD,339851
1050,APARTMENT,425000,2,105,2,AS_NEW,419560
1050,FLAT_STUDIO,185000,0,40,2,GOOD,193840
1050,APARTMENT,280000,2,82,2,GOOD,352078
1050,PENTHOUSE,495000,2,159,3,JUST_RENOVATED,524190
1050,HOUSE,595000,3,160,2,TO_RENOVATE,579037
1050,APARTMENT,495000,3,95,2,AS_NEW,486462
1050,APARTMENT,615000,2,99,2,AS_NEW,539190
1050,APARTMENT,585000,2,109,3,AS_NEW,576877
1050,APARTMENT,245000,1,40,2,GOOD,228880
1050,APARTMENT,272000,1,58,2,AS_NEW,255388
1050,APARTMENT,399000,2,75,2,GOOD,357951
1050,APARTMENT_BLOCK,620000,3,180,2,GOOD,621325
1050,GROUND_FLOOR,595000,2,164,2,AS_NEW,604524
1050,APARTMENT,650000,2,173,2,JUST_RENOVATED,645080
1050,APARTMENT,360000,2,70,3,GOOD,335857
1050,APARTMENT,430000,1,77,3,AS_NEW,418073
1050,APARTMENT,745000,3,200,3,GOOD,694630
1050,GROUND_FLOOR,495000,3,145,2,AS_NEW,517551
1050,APARTMENT,330000,2,110,2,GOOD,360832
1050,APARTMENT,415000,1,94,2,AS_NEW,439850
1050,FLAT_STUDIO,175000,0,29,2,AS_NEW,174430
1050,APARTMENT,690000,2,188,2,AS_NEW,656155
1050,APARTMENT,300000,1,64,2,GOOD,301799
1050,APARTMENT,645000,3,170,2,AS_NEW,650297
1050,APARTMENT,255000,1,40,2,GOOD,228880
1050,GROUND_FLOOR,555000,2,122,2,AS_NEW,537008
1050,DUPLEX,595000,3,135,2,AS_NEW,505268
1050,APARTMENT,600000,2,160,2,JUST_RENOVATED,558766
1050,APARTMENT,415000,2,110,2,GOOD,360832
1050,GROUND_FLOOR,249000,2,100,2,GOOD,301075
1050,APARTMENT,395000,2,100,2,JUST_RENOVATED,433310
1050,APARTMENT,430000,1,106,2,GOOD,394725
1050,APARTMENT,350000,1,63,2,GOOD,320549
1050,PENTHOUSE,580000,3,115,2,AS_NEW,542043
1050,APARTMENT,320000,2,90,2,JUST_RENOVATED,427700
1050,APARTMENT,480000,2,120,2,JUST_RENOVATED,493070
1050,APARTMENT,310000,2,70,2,TO_BE_DONE_UP,310697
1050,HOUSE,480000,4,140,2,TO_BE_DONE_UP,526095
1050,FLAT_STUDIO,265000,1,57,2,AS_NEW,264400
1050,HOUSE,695000,6,323,2,TO_BE_DONE_UP,667280
1050,APARTMENT,340000,1,80,2,AS_NEW,349942
1050,APARTMENT,435000,2,115,3,GOOD,497639
1050,FLAT_STUDIO,310000,2,85,2,GOOD,346243
1050,APARTMENT,340000,2,82,1,GOOD,341163
1050,DUPLEX,597500,2,165,2,GOOD,580702
1050,APARTMENT,399000,3,100,3,AS_NEW,529362
1050,APARTMENT,225000,1,70,2,GOOD,313634
1050,APARTMENT,345000,2,90,2,AS_NEW,376228
1050,APARTMENT,594000,2,131,2,JUST_RENOVATED,570730
1050,DUPLEX,375000,2,100,2,GOOD,390070
1050,GROUND_FLOOR,260000,1,90,2,GOOD,286067
1050,GROUND_FLOOR,630000,2,164,2,AS_NEW,604524
1050,MIXED_USE_BUILDING,420000,3,100,3,GOOD,445193
1050,APARTMENT,435000,1,82,2,AS_NEW,434324
1050,APARTMENT,295000,2,71,2,GOOD,308392
1050,DUPLEX,599000,5,210,2,AS_NEW,611550
1050,APARTMENT,549000,3,155,3,GOOD,539830
1050,FLAT_STUDIO,280000,0,55,4,AS_NEW,262610
1050,MIXED_USE_BUILDING,599000,3,270,4,AS_NEW,628180
1050,DUPLEX,348000,2,82,2,TO_RENOVATE,338403
1050,TRIPLEX,399000,2,80,2,GOOD,367115
1050,PENTHOUSE,380000,2,112,2,GOOD,393830
1050,APARTMENT,290000,1,70,2,AS_NEW,358372
1050,APARTMENT,490000,2,109,2,AS_NEW,483576
1050,APARTMENT,650000,3,174,1,AS_NEW,653350
1050,LOFT,665000,3,198,2,JUST_RENOVATED,661050
1050,DUPLEX,525000,2,174,2,JUST_RENOVATED,558040
1050,APARTMENT,470000,1,82,2,AS_NEW,434324
1050,HOUSE,599000,4,250,2,AS_NEW,639380
1050,DUPLEX,315000,1,73,2,GOOD,328513
1050,FLAT_STUDIO,205000,0,44,2,GOOD,198530
1050,APARTMENT,249000,2,75,2,TO_RENOVATE,278000
1050,HOUSE,545000,5,200,2,TO_RENOVATE,551680
1050,FLAT_STUDIO,219000,1,42,2,AS_NEW,210040
1050,APARTMENT,360000,2,100,3,GOOD,435883
1050,APARTMENT,460000,2,115,2,AS_NEW,495940
1050,LOFT,685000,4,189,2,JUST_RENOVATED,677270
1050,APARTMENT,399000,2,79,3,AS_NEW,401195
1050,APARTMENT,585000,4,170,2,GOOD,617325
1050,APARTMENT,495000,2,100,2,JUST_RENOVATED,433310
1050,APARTMENT,214900,1,65,4,JUST_RENOVATED,238526
1050,APARTMENT,695000,3,166,2,JUST_RENOVATED,662142
1050,APARTMENT,570000,2,110,2,AS_NEW,451034
1050,PENTHOUSE,310000,1,64,2,JUST_RENOVATED,305578
1050,APARTMENT,230000,1,58,2,AS_NEW,255388
1050,APARTMENT,755000,3,184,2,AS_NEW,719460
1050,APARTMENT,490000,2,115,2,GOOD,460777
1050,APARTMENT,260000,2,62,2,GOOD,283840
1050,APARTMENT,565000,2,132,2,GOOD,558680
1050,APARTMENT,685000,3,148,2,GOOD,526635
1050,HOUSE,700000,4,220,2,AS_NEW,677440
1050,APARTMENT,240000,1,65,2,GOOD,259744
1050,HOUSE,720000,3,200,3,GOOD,692435
1050,GROUND_FLOOR,640000,2,110,3,AS_NEW,605617
1050,DUPLEX,650000,4,158,2,AS_NEW,519098
1050,PENTHOUSE,460000,3,150,4,TO_BE_DONE_UP,471460
1050,APARTMENT,285000,2,80,1,AS_NEW,301350
1050,APARTMENT,475000,2,90,2,JUST_RENOVATED,427700
1050,APARTMENT,510000,3,140,2,TO_BE_DONE_UP,538865
1050,APARTMENT,549000,2,110,2,AS_NEW,451034
1050,FLAT_STUDIO,205000,0,40,2,JUST_RENOVATED,198430
1050,APARTMENT,305000,2,80,2,GOOD,311295
1050,PENTHOUSE,590000,1,100,2,AS_NEW,562720
1050,APARTMENT,395000,1,92,2,AS_NEW,406600
1050,PENTHOUSE,590000,2,95,3,GOOD,505362
1050,APARTMENT,350000,1,70,2,AS_NEW,358372
1060,APARTMENT,335000,2,96,2,GOOD,319579
1060,HOUSE,449000,4,120,2,JUST_RENOVATED,441005
1060,APARTMENT,255000,2,80,2,AS_NEW,290132
1060,APARTMENT,240000,1,50,2,AS_NEW,244639
1060,APARTMENT,325000,2,80,2,AS_NEW,290132
1060,DUPLEX,440000,2,80,2,AS_NEW,406608
1060,LOFT,465000,2,145,1,AS_NEW,432300
1060,APARTMENT,300000,2,108,2,TO_BE_DONE_UP,322585
1060,DUPLEX,465000,2,92,2,AS_NEW,416650
1060,APARTMENT,179000,1,52,2,GOOD,189735
1060,FLAT_STUDIO,240000,0,40,2,AS_NEW,228310
1060,FLAT_STUDIO,179000,1,24,2,AS_NEW,187590
1060,PENTHOUSE,549000,3,137,3,AS_NEW,536940
1060,HOUSE,325000,2,110,2,GOOD,356937
1060,MIXED_USE_BUILDING,695000,4,240,2,GOOD,637830
1060,APARTMENT,295000,1,67,2,AS_NEW,291150
1060,APARTMENT,279000,2,75,2,AS_NEW,290708
1060,HOUSE,445000,4,147,2,GOOD,435300
1060,HOUSE,645000,3,192,2,JUST_RENOVATED,652275
1060,APARTMENT,340000,1,70,2,AS_NEW,335227
1060,HOUSE,550000,4,250,2,TO_BE_DONE_UP,583830
1060,FLAT_STUDIO,99000,0,22,2,GOOD,118335
1060,APARTMENT,320000,2,82,2,AS_NEW,308177
1060,GROUND_FLOOR,649000,4,240,2,JUST_RENOVATED,651840
1060,APARTMENT,242500,3,79,2,AS_NEW,267950
1060,DUPLEX,385000,2,113,2,GOOD,376060
1060,TRIPLEX,360000,2,145,2,GOOD,370960
1060,MANSION,575000,5,240,2,TO_BE_DONE_UP,612080
1060,APARTMENT,219000,2,80,2,TO_RENOVATE,243507
1060,FLAT_STUDIO,185000,0,58,2,GOOD,204838
1060,APARTMENT,350000,1,70,2,AS_NEW,335227
1060,HOUSE,420000,5,155,2,TO_RENOVATE,412230
1060,FLAT_STUDIO,155000,0,50,2,AS_NEW,237679
1060,APARTMENT,265000,1,65,2,GOOD,213679
1060,APARTMENT,285000,2,91,2,AS_NEW,301917
1060,GROUND_FLOOR,215000,1,65,2,TO_BE_DONE_UP,218370
1060,MIXED_USE_BUILDING,575000,6,260,2,TO_RENOVATE,560110
1060,HOUSE,645000,3,192,2,AS_NEW,677940
1060,APARTMENT,195000,1,50,3,GOOD,171765
1060,HOUSE,520000,4,178,2,GOOD,541720
1060,HOUSE,745000,4,192,2,GOOD,701020
1060,DUPLEX,240000,2,110,2,TO_RENOVATE,260265
1060,MANSION,740000,4,247,2,TO_BE_DONE_UP,684980
1060,FLAT_STUDIO,150000,0,35,2,AS_NEW,211117
1060,APARTMENT,325000,1,60,2,AS_NEW,293915
1060,APARTMENT,249000,1,63,2,AS_NEW,267335
1060,DUPLEX,340000,3,142,2,TO_BE_DONE_UP,369270
1060,APARTMENT,270000,1,50,2,AS_NEW,244639
1060,APARTMENT,520000,3,121,2,GOOD,452237
1060,APARTMENT,650000,1,215,2,AS_NEW,627100
1060,APARTMENT,410000,2,132,3,GOOD,454070
1060,APARTMENT,385000,1,110,2,GOOD,348905
1060,APARTMENT,250000,1,53,2,GOOD,215285
1060,DUPLEX,358000,2,125,2,AS_NEW,412040
1060,FLAT_STUDIO,170000,0,40,2,GOOD,179310
1060,APARTMENT,273000,2,85,2,GOOD,267427
1060,LOFT,375000,3,162,2,AS_NEW,415743
1060,APARTMENT,290000,1,54,2,AS_NEW,249454
1060,APARTMENT_BLOCK,475000,2,235,2,GOOD,537260
1060,APARTMENT,175000,1,45,2,GOOD,181470
1060,APARTMENT,349000,2,106,2,JUST_RENOVATED,346990
1060,MIXED_USE_BUILDING,499000,3,235,2,TO_RENOVATE,519040
1060,HOUSE,595000,3,170,2,TO_BE_DONE_UP,579610
1070,APARTMENT,199000,2,85,2,AS_NEW,214333
1070,APARTMENT_BLOCK,610000,5,205,2,GOOD,563900
1070,APARTMENT,249000,2,98,2,AS_NEW,264598
1070,APARTMENT,239900,2,82,2,TO_BE_DONE_UP,226802
1070,HOUSE,325000,4,140,2,TO_RENOVATE,307800
1070,APARTMENT,179000,1,68,2,AS_NEW,185652
1070,APARTMENT,155000,1,55,2,GOOD,155420
1070,HOUSE,399000,3,170,2,GOOD,393100
1070,APARTMENT,169000,1,52,2,GOOD,160095
1070,MIXED_USE_BUILDING,595000,3,304,2,AS_NEW,547490
1070,LOFT,360000,1,130,2,AS_NEW,345848
1070,APARTMENT,149000,1,60,2,GOOD,158100
1070,APARTMENT,155000,1,50,2,GOOD,148668
1070,APARTMENT,235000,3,96,3,AS_NEW,257320
1070,APARTMENT,239000,2,99,3,TO_RENOVATE,237990
1070,LOFT,474000,3,175,2,GOOD,477320
1070,APARTMENT,170000,1,77,2,GOOD,175600
1070,APARTMENT,139000,1,45,3,GOOD,138855
1070,APARTMENT,180000,1,60,2,AS_NEW,201972
1070,HOUSE,330000,4,120,2,TO_RENOVATE,318288
1070,APARTMENT,235000,2,88,3,GOOD,240280
1070,APARTMENT,239000,2,127,2,JUST_RENOVATED,264510
1070,APARTMENT,320000,3,120,2,JUST_RENOVATED,318878
1070,APARTMENT,210000,2,84,3,GOOD,209650
1070,APARTMENT,305000,3,115,2,AS_NEW,328348
1070,APARTMENT_BLOCK,389000,3,190,2,AS_NEW,544340
1070,APARTMENT,175000,1,72,2,GOOD,175460
1070,APARTMENT,169000,2,90,2,TO_BE_DONE_UP,190599
1070,APARTMENT,239000,2,80,3,AS_NEW,216292
1070,FLAT_STUDIO,106000,0,44,3,GOOD,118175
1070,APARTMENT,224000,2,82,3,JUST_RENOVATED,222498
1070,APARTMENT,160000,1,54,4,GOOD,161180
1070,DUPLEX,188000,2,129,2,TO_RENOVATE,220900
1070,HOUSE,290000,3,136,2,TO_RENOVATE,285020
1070,APARTMENT,229000,1,80,2,AS_NEW,219220
1070,GROUND_FLOOR,229000,2,85,2,GOOD,231870
1070,GROUND_FLOOR,189000,1,75,2,JUST_RENOVATED,199060
1070,HOUSE,344000,3,110,2,AS_NEW,341005
1070,APARTMENT,310000,3,120,2,AS_NEW,331506
1070,APARTMENT,175000,2,70,2,GOOD,180900
1070,TOWN_HOUSE,349000,4,200,2,TO_RENOVATE,437170
1070,MANSION,549000,5,235,2,JUST_RENOVATED,506390
1070,APARTMENT,269000,2,83,1,AS_NEW,244230
1070,APARTMENT,295000,4,126,2,JUST_RENOVATED,292390
1070,MIXED_USE_BUILDING,379000,4,245,2,TO_BE_DONE_UP,424630
1070,HOUSE,309999,4,194,2,JUST_RENOVATED,366639
1070,FLAT_STUDIO,110000,0,35,2,GOOD,125128
1070,APARTMENT,180000,1,65,3,AS_NEW,183445
1070,DUPLEX,240000,1,90,2,AS_NEW,309730
1070,APARTMENT,185000,1,63,2,AS_NEW,187482
1070,APARTMENT,249000,2,90,2,AS_NEW,244425
1070,APARTMENT,129000,1,42,2,JUST_RENOVATED,145165
1070,APARTMENT,169000,2,75,4,GOOD,174100
1070,APARTMENT,195000,2,83,2,GOOD,209596
1070,APARTMENT,229000,2,95,2,TO_BE_DONE_UP,230790
1070,DUPLEX,239000,3,95,2,GOOD,266260
1070,HOUSE,350000,5,206,2,TO_BE_DONE_UP,387670
1070,APARTMENT,225000,2,105,2,AS_NEW,269772
1070,APARTMENT,300000,2,96,4,AS_NEW,287340
1070,APARTMENT,225000,1,78,2,AS_NEW,229890
1070,APARTMENT,179500,2,76,2,AS_NEW,185630
1070,APARTMENT,137500,1,50,2,AS_NEW,157015
1070,FLAT_STUDIO,127000,1,35,2,TO_BE_DONE_UP,129200
1070,APARTMENT,153000,1,52,4,GOOD,151462
1070,APARTMENT,269000,2,120,2,GOOD,284704
1070,APARTMENT,320000,3,92,2,AS_NEW,291670
1070,APARTMENT,160000,1,69,1,GOOD,174390
1070,APARTMENT,239000,2,79,2,AS_NEW,215477
1070,APARTMENT,239000,3,88,2,GOOD,238060
1070,HOUSE,535000,6,262,2,AS_NEW,554030
1070,APARTMENT,189000,3,133,2,GOOD,303507
1070,HOUSE,349000,4,168,2,GOOD,372020
1070,HOUSE,399000,5,176,2,GOOD,404760
1070,APARTMENT,179000,2,70,2,TO_BE_DONE_UP,179920
1070,APARTMENT_BLOCK,270000,3,82,2,GOOD,253019
1070,APARTMENT,229000,3,90,2,GOOD,231500
1070,APARTMENT,140000,1,50,2,GOOD,148668
1070,HOUSE,539000,4,220,2,AS_NEW,538780
1070,HOUSE,749000,7,325,3,AS_NEW,665130
1070,TRIPLEX,279000,4,110,2,GOOD,294180
1070,HOUSE,349000,4,120,2,GOOD,337438
1070,APARTMENT_BLOCK,420000,4,199,2,TO_BE_DONE_UP,511360
1070,GROUND_FLOOR,129000,1,65,2,TO_RENOVATE,152670
1070,APARTMENT,175000,2,65,2,GOOD,181470
1070,HOUSE,425000,5,250,2,GOOD,443500
1070,APARTMENT,259000,2,95,2,GOOD,247897
1070,APARTMENT,215000,2,85,2,GOOD,213719
1070,APARTMENT,265000,2,89,2,GOOD,247720
1070,HOUSE,570000,5,230,2,AS_NEW,547740
1070,HOUSE,359000,3,110,2,GOOD,338540
1070,APARTMENT,179000,2,73,4,GOOD,176560
1070,MIXED_USE_BUILDING,599000,3,180,2,GOOD,523830
1070,GROUND_FLOOR,170000,1,60,2,GOOD,168260
1070,APARTMENT,92000,1,52,2,TO_BE_DONE_UP,157910
1070,APARTMENT,169000,2,72,2,GOOD,173521
1070,APARTMENT,175000,2,92,2,GOOD,204740
1070,APARTMENT,210000,2,67,2,GOOD,193913
1070,DUPLEX,149000,1,51,2,GOOD,152780
1070,DUPLEX,249000,3,113,2,GOOD,272895
1070,APARTMENT,169000,1,78,1,JUST_RENOVATED,181379
1070,APARTMENT_BLOCK,475000,7,240,2,GOOD,504250
1070,APARTMENT,229000,2,105,2,GOOD,247855
1070,APARTMENT,130000,1,67,4,TO_RENOVATE,156057
1070,GROUND_FLOOR,190000,1,75,2,AS_NEW,233965
1070,APARTMENT,182500,2,80,1,AS_NEW,204255
1070,APARTMENT,175000,2,75,2,AS_NEW,184520
1070,GROUND_FLOOR,275000,2,91,2,GOOD,260350
1070,APARTMENT_BLOCK,460000,5,220,2,TO_BE_DONE_UP,499360
1070,APARTMENT,199000,2,60,2,AS_NEW,209982
1070,APARTMENT,190000,3,85,3,GOOD,218580
1070,APARTMENT,154000,2,101,4,TO_RESTORE,187710
1070,APARTMENT,220000,3,85,4,TO_BE_DONE_UP,217251
1070,GROUND_FLOOR,210000,1,102,2,GOOD,281441
1070,APARTMENT,165000,1,50,2,TO_BE_DONE_UP,157025
1070,APARTMENT,235000,1,81,2,AS_NEW,224655
1070,APARTMENT_BLOCK,389000,5,308,2,TO_RENOVATE,526810
1070,GROUND_FLOOR,250000,2,70,2,GOOD,230410
1070,MIXED_USE_BUILDING,400000,3,195,2,TO_RENOVATE,429810
1070,APARTMENT,135000,1,52,2,TO_RENOVATE,143240
1070,APARTMENT,189000,2,79,2,AS_NEW,215477
1070,APARTMENT,135000,1,51,2,TO_BE_DONE_UP,158055
1070,APARTMENT,209000,2,63,2,GOOD,195050
1070,LOFT,350000,2,107,3,GOOD,341535
1070,APARTMENT,239000,3,135,2,AS_NEW,318855
1070,DUPLEX,270000,3,120,2,GOOD,280880
1070,APARTMENT,145000,1,67,2,TO_BE_DONE_UP,158290
1070,HOUSE,365000,6,170,2,GOOD,378470
1070,APARTMENT,179000,2,70,4,JUST_RENOVATED,203460
1070,APARTMENT,245000,2,93,2,GOOD,217967
1070,PENTHOUSE,310000,2,78,2,AS_NEW,305112
1070,APARTMENT,330000,2,96,2,AS_NEW,303610
1070,HOUSE,265000,3,139,2,TO_RENOVATE,284660
1070,APARTMENT,239000,3,90,4,GOOD,234030
1070,APARTMENT_BLOCK,399000,3,190,2,GOOD,538040
1070,APARTMENT,339750,2,120,2,AS_NEW,338188
1070,APARTMENT,169000,2,70,4,GOOD,174330
1070,PENTHOUSE,470000,2,116,2,AS_NEW,437880
1070,APARTMENT,150000,1,60,2,GOOD,158100
1070,APARTMENT_BLOCK,565000,5,270,2,TO_BE_DONE_UP,525840
1070,TOWN_HOUSE,409000,3,137,2,AS_NEW,387375
1070,APARTMENT,249000,1,77,2,AS_NEW,226300
1070,APARTMENT,145000,1,50,1,GOOD,146568
1070,APARTMENT,200000,2,85,2,TO_RENOVATE,202470
1070,APARTMENT,219000,2,70,3,JUST_RENOVATED,208850
1070,HOUSE,399000,5,300,2,GOOD,450640
1070,HOUSE,285000,3,102,3,AS_NEW,289450
1070,APARTMENT,189000,1,68,2,AS_NEW,185652
1070,APARTMENT,265000,2,95,2,GOOD,247897
1070,APARTMENT,265000,2,85,2,AS_NEW,214333
1080,HOUSE,399000,4,216,2,GOOD,431100
1080,HOUSE,445000,3,192,2,JUST_RENOVATED,421430
1080,APARTMENT,219000,2,85,2,TO_BE_DONE_UP,214710
1080,APARTMENT,240000,2,101,2,GOOD,229975
1080,PENTHOUSE,565000,3,215,2,GOOD,522920
1080,APARTMENT,139000,1,40,1,AS_NEW,149455
1080,APARTMENT,230000,2,114,4,JUST_RENOVATED,278994
1080,APARTMENT,300000,3,130,3,GOOD,319818
1080,GROUND_FLOOR,319000,3,130,3,AS_NEW,347442
1080,APARTMENT,215000,3,100,2,TO_BE_DONE_UP,220690
1080,APARTMENT,189000,1,65,2,GOOD,189905
1080,LOFT,249000,3,122,2,AS_NEW,278300
1080,APARTMENT,195000,2,123,2,TO_BE_DONE_UP,225840
1080,APARTMENT,270000,2,105,2,GOOD,263455
1080,APARTMENT,173000,2,67,2,TO_BE_DONE_UP,175880
1080,APARTMENT,369000,3,158,2,GOOD,308130
1080,APARTMENT,255000,3,90,4,JUST_RENOVATED,237130
1080,APARTMENT,249000,2,101,2,AS_NEW,253067
1080,DUPLEX,450000,5,215,2,AS_NEW,447260
1080,APARTMENT,239000,2,85,2,AS_NEW,225840
1080,APARTMENT,240000,2,107,2,AS_NEW,245390
1080,APARTMENT,245000,2,92,2,GOOD,231509
1080,HOUSE,379000,4,195,2,GOOD,398980
1080,DUPLEX,359000,3,130,2,AS_NEW,353505
1080,GROUND_FLOOR,220000,1,70,2,GOOD,215397
1080,PENTHOUSE,270000,2,75,2,GOOD,258610
1080,APARTMENT,169500,1,59,3,AS_NEW,191875
1080,APARTMENT,249000,3,100,2,GOOD,235380
1080,PENTHOUSE,205000,1,63,2,GOOD,221810
1080,APARTMENT,210000,2,92,3,AS_NEW,235610
1080,APARTMENT,249000,2,98,2,AS_NEW,263704
1080,APARTMENT,265000,2,95,2,AS_NEW,262710
1080,HOUSE,579000,5,226,3,GOOD,531190
1080,APARTMENT,215000,2,89,3,AS_NEW,216390
1080,APARTMENT,290000,2,96,2,AS_NEW,283050
1080,APARTMENT,245000,2,99,2,GOOD,209272
1080,APARTMENT,259000,2,106,2,GOOD,258525
1080,APARTMENT,145000,1,50,1,JUST_RENOVATED,156865
1080,APARTMENT,229000,2,95,3,GOOD,232210
1080,GROUND_FLOOR,229000,1,80,2,GOOD,224360
1080,APARTMENT,160000,1,60,2,GOOD,183008
1080,APARTMENT,269000,3,110,2,AS_NEW,259895
1080,HOUSE,350000,5,180,2,AS_NEW,423940
1080,PENTHOUSE,290000,2,95,2,AS_NEW,286380
1080,APARTMENT,220000,2,87,2,GOOD,186665
1080,APARTMENT,205000,2,84,3,AS_NEW,207730
1080,APARTMENT,229000,3,120,2,GOOD,238030
1080,APARTMENT,210000,2,81,2,TO_BE_DONE_UP,213178
1080,APARTMENT,239000,2,105,4,GOOD,269845
1080,APARTMENT,295000,4,135,4,GOOD,302790
1080,APARTMENT,199000,2,91,2,GOOD,202360
1080,APARTMENT,200000,2,110,2,GOOD,211930
1080,APARTMENT,165000,2,73,2,TO_BE_DONE_UP,168107
1080,APARTMENT,195000,2,90,3,TO_BE_DONE_UP,191430
1080,PENTHOUSE,295000,2,96,3,GOOD,282880
1080,APARTMENT,205000,2,96,3,TO_RENOVATE,215070
1080,APARTMENT,209000,2,85,2,GOOD,208770
1080,HOUSE,450000,4,190,2,AS_NEW,427560
1080,APARTMENT,195000,2,91,2,GOOD,202360
1080,APARTMENT,199000,2,75,2,GOOD,187600
1080,APARTMENT,348000,3,130,3,GOOD,319818
1080,APARTMENT,299000,2,97,2,AS_NEW,292530
1080,APARTMENT,198000,2,102,2,TO_BE_DONE_UP,209300
1080,APARTMENT,165000,1,70,2,GOOD,182121
1080,APARTMENT,199000,1,50,2,GOOD,184070
1080,APARTMENT,220000,2,80,4,GOOD,226780
1080,HOUSE,280000,4,159,2,TO_RENOVATE,301500
1080,APARTMENT_BLOCK,315000,5,237,2,TO_RESTORE,384020
1080,APARTMENT_BLOCK,469000,7,225,2,TO_BE_DONE_UP,453630
1080,APARTMENT,360000,2,117,2,AS_NEW,312120
1080,APARTMENT,259000,3,140,3,TO_BE_DONE_UP,288690
1080,APARTMENT,189000,1,84,2,AS_NEW,194280
1080,APARTMENT,275000,3,129,2,JUST_RENOVATED,284780
1080,APARTMENT,299000,2,120,3,AS_NEW,298448
1080,APARTMENT,275000,2,98,2,AS_NEW,263704
1080,DUPLEX,460000,3,75,2,AS_NEW,374507
1080,HOUSE,299000,3,133,2,GOOD,310000
1080,GROUND_FLOOR,220000,2,90,2,GOOD,220281
1080,HOUSE,375000,4,180,2,GOOD,388420
1080,MIXED_USE_BUILDING,390000,3,197,2,GOOD,403520
1080,HOUSE,330000,2,113,2,GOOD,299855
1080,APARTMENT,199000,2,85,3,AS_NEW,206820
1080,GROUND_FLOOR,185000,1,85,2,GOOD,197500
1080,APARTMENT,179000,1,50,2,AS_NEW,182360
1080,FLAT_STUDIO,105000,0,51,1,TO_BE_DONE_UP,151175
1080,HOUSE,335000,3,150,2,GOOD,316000
1080,APARTMENT,219000,2,94,2,AS_NEW,229300
1080,APARTMENT,250000,2,90,4,AS_NEW,240415
1080,APARTMENT,229000,2,90,2,AS_NEW,227525
1080,LOFT,420000,2,155,2,AS_NEW,403640
1080,APARTMENT,235000,2,93,2,AS_NEW,236520
1080,APARTMENT,240000,2,65,2,AS_NEW,239775
1080,APARTMENT,235000,3,111,2,GOOD,230862
1080,APARTMENT,159990,2,87,2,GOOD,186665
1080,APARTMENT,165000,1,75,2,GOOD,172667
1080,HOUSE,359000,4,170,2,TO_BE_DONE_UP,370070
1080,APARTMENT,149000,1,55,4,TO_BE_DONE_UP,155510
1080,APARTMENT,169000,2,100,2,GOOD,199495
1080,PENTHOUSE,215000,1,70,2,TO_BE_DONE_UP,221883
1080,APARTMENT,245000,3,166,3,GOOD,346610
1080,APARTMENT,235000,2,122,2,GOOD,239600
1080,HOUSE,455000,5,225,2,GOOD,461140
1080,APARTMENT,225000,3,85,3,AS_NEW,228925
1080,APARTMENT,225000,2,110,2,AS_NEW,240570
1080,APARTMENT,255000,2,109,2,AS_NEW,255420
1080,APARTMENT,149000,1,48,2,AS_NEW,156430
1080,APARTMENT,159000,2,73,2,GOOD,170363
1080,LOFT,399000,3,140,2,AS_NEW,376090
1080,APARTMENT,239000,2,101,2,AS_NEW,253067
1080,TRIPLEX,335000,6,145,2,GOOD,320670
1080,APARTMENT,269000,3,104,2,GOOD,259800
1080,APARTMENT,193000,1,70,2,GOOD,182121
1080,APARTMENT,235000,2,118,2,GOOD,243360
1080,APARTMENT,249000,2,95,3,AS_NEW,260910
1080,APARTMENT,225000,3,110,2,GOOD,224852
1080,APARTMENT,189000,1,80,2,GOOD,219195
1080,APARTMENT,245000,2,80,2,GOOD,232270
1080,MANSION,745000,6,310,2,TO_BE_DONE_UP,617200
1080,APARTMENT,169000,2,72,2,TO_BE_DONE_UP,172880
1080,APARTMENT,245000,2,112,2,AS_NEW,262900
1080,APARTMENT,135000,2,45,2,TO_BE_DONE_UP,138200
1080,APARTMENT,149000,3,90,2,TO_RENOVATE,173980
1080,APARTMENT,176000,2,86,2,GOOD,187099
1080,MIXED_USE_BUILDING,350000,5,196,2,TO_BE_DONE_UP,382710
1080,GROUND_FLOOR,385000,2,125,2,AS_NEW,358750
1080,APARTMENT,215000,2,110,2,GOOD,211930
1080,APARTMENT,180000,1,55,2,GOOD,166672
1080,APARTMENT,180000,2,90,2,TO_BE_DONE_UP,187310
1080,APARTMENT,179000,2,75,2,GOOD,187600
1080,APARTMENT,345000,3,155,3,TO_RENOVATE,326240
1081,APARTMENT,220000,2,110,2,GOOD,281260
1081,APARTMENT,159000,1,50,2,AS_NEW,181150
1081,APARTMENT,179000,2,75,2,GOOD,184795
1081,APARTMENT,149000,1,48,2,AS_NEW,158095
1081,APARTMENT,159000,1,60,2,TO_BE_DONE_UP,164790
1081,APARTMENT,359000,2,110,2,GOOD,281260
1081,APARTMENT,235000,2,90,2,GOOD,233470
1081,APARTMENT,329000,2,124,2,AS_NEW,446500
1081,PENTHOUSE,199000,1,60,2,AS_NEW,215030
1081,APARTMENT,159000,1,51,2,GOOD,163685
1081,APARTMENT,225000,2,95,2,GOOD,232058
1081,APARTMENT,279000,3,105,2,AS_NEW,283960
1081,APARTMENT,220000,2,90,3,GOOD,226080
1081,APARTMENT,250000,2,105,2,GOOD,260839
1081,APARTMENT,195000,2,98,2,TO_BE_DONE_UP,213610
1081,APARTMENT,135000,1,50,2,TO_BE_DONE_UP,141750
1081,APARTMENT,249000,2,100,2,AS_NEW,252975
1081,APARTMENT,290000,2,94,2,AS_NEW,257792
1081,APARTMENT_BLOCK,369000,3,252,2,TO_RENOVATE,517625
1081,APARTMENT,365000,4,140,2,GOOD,307280
1081,APARTMENT,249000,1,79,2,AS_NEW,225260
1081,FLAT_STUDIO,139500,1,37,1,GOOD,150057
1081,APARTMENT,272000,3,120,2,JUST_RENOVATED,310095
1081,HOUSE,325000,3,122,2,GOOD,315343
1081,APARTMENT,139000,2,63,2,GOOD,159760
1081,FLAT_STUDIO,112500,0,42,2,TO_RENOVATE,156060
1081,LOFT,550000,2,265,2,GOOD,539715
1081,GROUND_FLOOR,345000,2,117,4,AS_NEW,354426
1081,APARTMENT,270000,2,108,2,AS_NEW,310904
1081,APARTMENT,229000,2,98,2,AS_NEW,241658
1081,GROUND_FLOOR,175000,1,60,2,AS_NEW,194020
1081,APARTMENT,270000,2,87,2,GOOD,252900
1081,APARTMENT,259000,2,100,2,GOOD,250548
1081,APARTMENT,225000,3,110,2,GOOD,253881
1081,LOFT,420000,1,167,2,AS_NEW,451258
1081,APARTMENT,235000,2,80,2,JUST_RENOVATED,232562
1081,APARTMENT,189000,1,62,2,GOOD,182130
1081,APARTMENT,149000,1,51,2,TO_BE_DONE_UP,147120
1081,HOUSE,2500,3,144,2,GOOD,168020
1081,APARTMENT,229000,2,80,2,JUST_RENOVATED,232562
1082,APARTMENT,190000,1,79,2,TO_BE_DONE_UP,199794
1082,APARTMENT,235000,2,93,4,GOOD,260840
1082,HOUSE,635000,6,205,3,TO_BE_DONE_UP,596330
1082,APARTMENT,150000,1,55,2,GOOD,157220
1082,EXCEPTIONAL_PROPERTY,635000,6,205,4,GOOD,619850
1082,GROUND_FLOOR,339000,2,112,2,AS_NEW,403464
1082,HOUSE,410000,5,160,2,AS_NEW,454355
1082,DUPLEX,210000,2,75,2,JUST_RENOVATED,220557
1082,FLAT_STUDIO,159000,1,60,2,GOOD,166505
1082,APARTMENT,169000,1,76,2,TO_BE_DONE_UP,177170
1082,PENTHOUSE,375000,2,150,3,TO_BE_DONE_UP,427140
1082,HOUSE,499000,3,160,2,GOOD,467780
1082,HOUSE,345000,3,160,2,TO_BE_DONE_UP,452430
1082,VILLA,669000,4,235,4,GOOD,619580
1082,APARTMENT,190000,1,71,2,GOOD,192780
1082,FLAT_STUDIO,169000,0,37,2,AS_NEW,178498
1082,TOWN_HOUSE,485000,4,181,2,AS_NEW,566945
1082,FLAT_STUDIO,135000,1,55,2,TO_BE_DONE_UP,161550
1082,GROUND_FLOOR,445000,3,133,2,GOOD,441820
1082,APARTMENT,235000,2,83,2,GOOD,250009
1082,HOUSE,385000,4,221,2,GOOD,441880
1082,APARTMENT,329000,2,115,2,AS_NEW,344357
1082,DUPLEX,309000,3,120,2,AS_NEW,331509
1082,HOUSE,580000,6,281,2,GOOD,608110
1082,APARTMENT,179000,1,60,2,AS_NEW,241230
1082,APARTMENT,179000,1,59,2,TO_BE_DONE_UP,175555
1082,APARTMENT,189000,1,75,4,GOOD,190330
1082,HOUSE,385000,3,150,2,TO_BE_DONE_UP,396250
1082,PENTHOUSE,435000,3,112,2,AS_NEW,416228
1082,HOUSE,590000,4,260,2,AS_NEW,600390
1082,DUPLEX,339000,3,121,2,AS_NEW,341165
1083,HOUSE,325000,3,141,2,TO_BE_DONE_UP,337100
1083,MIXED_USE_BUILDING,515000,6,230,2,GOOD,437810
1083,APARTMENT,235000,2,60,2,GOOD,213880
1083,APARTMENT,125000,1,60,2,TO_RENOVATE,142930
1083,HOUSE,419000,4,127,2,GOOD,397640
1083,APARTMENT,269000,3,165,3,GOOD,354420
1083,FLAT_STUDIO,125000,1,32,2,GOOD,137270
1083,APARTMENT,250000,3,110,2,AS_NEW,325535
1083,APARTMENT,154000,1,55,1,GOOD,153915
1083,APARTMENT,310000,3,116,2,AS_NEW,326358
1083,APARTMENT,329000,2,115,2,AS_NEW,333864
1083,APARTMENT,255000,2,105,2,AS_NEW,264226
1083,FLAT_STUDIO,110000,0,40,4,GOOD,122270
1083,APARTMENT,150000,1,55,2,GOOD,153460
1083,HOUSE,475000,3,200,2,AS_NEW,485280
1083,APARTMENT,249000,3,115,2,GOOD,281376
1083,APARTMENT,210000,2,80,2,TO_BE_DONE_UP,207007
1083,APARTMENT,225000,2,94,2,TO_BE_DONE_UP,230299
1083,DUPLEX,379000,5,181,2,TO_BE_DONE_UP,400830
1083,APARTMENT,255000,2,100,2,AS_NEW,260515
1083,APARTMENT,219000,2,90,4,GOOD,233885
1083,APARTMENT,395000,4,200,2,JUST_RENOVATED,427180
1083,APARTMENT,235000,2,100,2,TO_BE_DONE_UP,228153
1083,GROUND_FLOOR,370000,3,111,2,AS_NEW,372890
1083,APARTMENT,205000,2,80,2,TO_BE_DONE_UP,207007
1083,PENTHOUSE,399000,3,150,2,AS_NEW,469180
1083,APARTMENT,255000,2,106,2,AS_NEW,259571
1083,APARTMENT,250000,2,105,2,GOOD,259725
1083,APARTMENT,225000,2,90,2,GOOD,229032
1083,HOUSE,575000,4,161,2,AS_NEW,521023
1083,DUPLEX,280000,3,110,2,AS_NEW,321400
1083,HOUSE,359000,3,120,2,GOOD,352550
1083,HOUSE,335000,3,115,2,GOOD,325180
1083,HOUSE,430000,4,227,2,JUST_RENOVATED,442550
1083,DUPLEX,229000,4,156,2,TO_BE_DONE_UP,272690
1083,APARTMENT,335000,3,122,3,AS_NEW,353822
1083,APARTMENT,169000,1,57,2,JUST_RENOVATED,176725
1083,GROUND_FLOOR,279000,3,110,3,TO_RENOVATE,292740
1083,APARTMENT,169000,1,58,2,TO_BE_DONE_UP,169540
1083,APARTMENT,175000,2,67,2,TO_RENOVATE,176820
1083,APARTMENT,249000,2,106,2,AS_NEW,259571
1083,APARTMENT,275000,2,94,2,AS_NEW,269125
1083,APARTMENT,195000,2,80,2,GOOD,207470
1083,APARTMENT,229000,2,85,2,GOOD,228460
1083,APARTMENT,245000,2,95,3,AS_NEW,258455
1083,APARTMENT,139000,1,50,2,GOOD,145270
1083,APARTMENT,199000,3,104,2,TO_BE_DONE_UP,217160
1083,APARTMENT,215000,3,100,2,JUST_RENOVATED,231913
1083,APARTMENT,169000,1,50,2,AS_NEW,175280
1083,APARTMENT,235000,3,100,2,JUST_RENOVATED,231913
1090,DUPLEX,299000,3,115,2,AS_NEW,309230
1090,APARTMENT,245000,2,90,2,JUST_RENOVATED,250670
1090,APARTMENT,213000,2,90,4,AS_NEW,248035
1090,FLAT_STUDIO,120000,0,43,2,TO_RENOVATE,140290
1090,APARTMENT,152000,1,50,2,AS_NEW,165990
1090,APARTMENT,299000,2,99,2,GOOD,280607
1090,APARTMENT,175000,1,73,2,GOOD,183130
1090,APARTMENT,245000,1,71,2,AS_NEW,247518
1090,DUPLEX,210000,1,92,2,GOOD,225740
1090,APARTMENT,239000,2,100,2,GOOD,254257
1090,APARTMENT,200000,1,70,2,GOOD,202267
1090,APARTMENT,249000,2,75,2,AS_NEW,250050
1090,LOFT,520000,4,239,2,GOOD,497800
1090,DUPLEX,390000,4,220,2,TO_RENOVATE,421850
1090,APARTMENT,299000,2,99,3,AS_NEW,290050
1090,APARTMENT,209000,2,92,2,GOOD,226017
1090,APARTMENT,230000,1,120,2,GOOD,299870
1090,HOUSE,359000,3,145,2,GOOD,396310
1090,APARTMENT_BLOCK,499000,4,315,2,TO_RENOVATE,541730
1090,APARTMENT,189000,1,69,2,GOOD,193890
1090,DUPLEX,415000,3,215,2,GOOD,431740
1090,HOUSE,595000,3,249,2,AS_NEW,546730
1090,LOFT,440000,3,178,2,AS_NEW,448490
1090,APARTMENT,195000,2,70,2,TO_RENOVATE,200180
1090,APARTMENT,249000,2,80,2,AS_NEW,254078
1090,FLAT_STUDIO,128000,0,33,2,JUST_RENOVATED,147920
1090,LOFT,395000,4,179,2,GOOD,418260
1090,FLAT_STUDIO,139000,1,40,2,AS_NEW,180885
1090,GROUND_FLOOR,195000,1,69,2,GOOD,201140
1090,APARTMENT_BLOCK,650000,5,198,2,GOOD,569590
1090,APARTMENT,215000,2,92,2,GOOD,226017
1090,HOUSE,395000,2,239,2,TO_BE_DONE_UP,445230
1090,HOUSE,475000,5,238,2,JUST_RENOVATED,481410
1090,GROUND_FLOOR,370000,3,110,2,GOOD,359100
1090,APARTMENT,365000,2,110,2,AS_NEW,349762
1090,DUPLEX,299000,3,110,2,AS_NEW,314835
1090,HOUSE,549000,3,235,2,AS_NEW,528220
1090,APARTMENT,279000,3,105,2,GOOD,284450
1090,APARTMENT,425000,3,130,2,AS_NEW,427100
1090,APARTMENT,225000,2,92,2,TO_BE_DONE_UP,244370
1090,LOFT,440000,3,185,2,JUST_RENOVATED,438280
1090,APARTMENT,425000,3,132,2,AS_NEW,426480
1090,APARTMENT,225000,1,110,2,JUST_RENOVATED,269220
1090,APARTMENT,139000,1,77,2,GOOD,199870
1090,APARTMENT,250000,2,70,2,GOOD,231407
1090,APARTMENT,425000,3,133,2,AS_NEW,427380
1090,DUPLEX,349000,3,145,2,AS_NEW,441315
1090,APARTMENT,259000,2,100,2,GOOD,254257
1090,APARTMENT,249000,2,95,2,AS_NEW,271603
1090,APARTMENT,150000,1,55,3,GOOD,155015
1090,APARTMENT,250000,3,100,3,AS_NEW,272350
1090,APARTMENT,249000,2,80,2,JUST_RENOVATED,246920
1090,TOWN_HOUSE,499000,5,240,2,GOOD,506370
1090,APARTMENT,265000,2,80,2,GOOD,255862
1090,DUPLEX,149000,1,75,2,GOOD,164920
1090,HOUSE,478500,4,158,2,AS_NEW,464335
1090,APARTMENT,206300,2,80,2,GOOD,255862
1090,APARTMENT_BLOCK,379000,3,145,2,AS_NEW,428810
1090,HOUSE,450000,4,205,3,GOOD,454720
1090,APARTMENT,175000,2,75,2,TO_BE_DONE_UP,186553
1090,HOUSE,355000,2,126,3,AS_NEW,449932
1090,APARTMENT,320000,3,101,2,JUST_RENOVATED,282947
1090,APARTMENT,150000,1,52,4,TO_BE_DONE_UP,148880
1090,PENTHOUSE,350000,4,135,2,GOOD,399410
1090,APARTMENT,199000,2,89,2,AS_NEW,223707
1090,APARTMENT,235000,2,97,2,GOOD,254717
1090,APARTMENT,179000,1,58,2,GOOD,178525
1090,FLAT_STUDIO,129000,0,33,4,GOOD,134970
1090,APARTMENT,425000,3,129,2,AS_NEW,429150
1090,APARTMENT,249000,2,121,1,GOOD,281030
1090,APARTMENT,195000,1,66,2,GOOD,194420
1090,APARTMENT,280000,2,91,2,TO_BE_DONE_UP,260070
1090,APARTMENT,300000,2,100,2,AS_NEW,289035
1090,APARTMENT,335000,4,155,2,AS_NEW,461637
1090,APARTMENT,219000,2,75,2,GOOD,210483
1090,APARTMENT,139000,1,40,2,GOOD,152773
1090,APARTMENT,195000,2,85,2,TO_BE_DONE_UP,220973
1090,MIXED_USE_BUILDING,485000,6,218,3,TO_BE_DONE_UP,482700
1090,APARTMENT,259000,2,88,2,JUST_RENOVATED,254320
1090,MIXED_USE_BUILDING,595000,2,335,2,TO_RENOVATE,568190
1090,APARTMENT,260000,2,90,2,GOOD,236135
1090,APARTMENT,290000,3,101,2,GOOD,282687
1090,HOUSE,328000,3,120,2,AS_NEW,340160
1090,HOUSE,439000,5,200,3,TO_BE_DONE_UP,462640
1090,APARTMENT,259000,2,80,2,GOOD,255862
1090,APARTMENT,275000,2,120,2,GOOD,295190
1090,APARTMENT,279000,2,105,2,AS_NEW,291300
1090,APARTMENT,225000,3,115,2,GOOD,290037
1120,APARTMENT,299000,3,115,3,AS_NEW,320310
1120,GROUND_FLOOR,175000,1,38,2,TO_RENOVATE,170170
1120,APARTMENT,210000,2,77,3,GOOD,217485
1120,HOUSE,375000,4,153,2,GOOD,383850
1120,APARTMENT,209000,2,80,2,GOOD,222359
1120,TRIPLEX,340000,4,150,2,AS_NEW,387150
1120,APARTMENT,299000,2,108,2,JUST_RENOVATED,318830
1120,TOWN_HOUSE,485000,3,216,2,GOOD,529460
1120,APARTMENT,210000,2,65,2,JUST_RENOVATED,206730
1120,APARTMENT,340000,2,94,2,AS_NEW,328499
1120,HOUSE,445000,4,201,2,TO_RENOVATE,467190
1120,APARTMENT,234700,1,95,2,GOOD,246131
1120,HOUSE,475000,3,160,3,AS_NEW,495860
1120,HOUSE,368000,3,171,2,GOOD,402285
1130,HOUSE,375000,3,170,3,GOOD,426895
1130,HOUSE,249000,2,150,2,TO_RENOVATE,301880
1130,PENTHOUSE,476000,3,156,4,AS_NEW,512782
1130,PENTHOUSE,476000,3,148,3,AS_NEW,523310
1130,FLAT_STUDIO,139990,0,45,3,AS_NEW,154262
1140,APARTMENT,295000,3,120,3,AS_NEW,346485
1140,APARTMENT,249000,3,115,2,AS_NEW,283612
1140,PENTHOUSE,265000,2,77,2,AS_NEW,334715
1140,HOUSE,493000,6,240,2,TO_RENOVATE,481570
1140,APARTMENT,340000,2,85,2,AS_NEW,303480
1140,APARTMENT,409000,2,95,2,JUST_RENOVATED,367488
1140,HOUSE,369000,3,145,2,GOOD,381940
1140,APARTMENT,235000,3,97,2,TO_BE_DONE_UP,285841
1140,TOWN_HOUSE,595000,4,245,2,GOOD,465100
1140,APARTMENT,280000,2,65,2,AS_NEW,271270
1140,APARTMENT,305000,2,96,2,AS_NEW,300855
1140,APARTMENT,278000,2,88,4,AS_NEW,275045
1140,APARTMENT,300000,2,100,2,AS_NEW,303688
1140,APARTMENT,297000,3,113,2,GOOD,300308
1140,APARTMENT,260000,2,76,1,GOOD,234989
1140,PENTHOUSE,330000,2,85,2,GOOD,316960
1140,APARTMENT,219000,2,62,2,GOOD,211710
1140,APARTMENT,258000,3,110,4,TO_BE_DONE_UP,281955
1140,APARTMENT,215000,2,70,2,TO_BE_DONE_UP,218260
1140,APARTMENT,350000,2,98,2,AS_NEW,298327
1140,APARTMENT,187000,1,50,1,AS_NEW,205735
1140,HOUSE,425000,4,245,2,TO_BE_DONE_UP,481680
1140,APARTMENT,220000,2,71,2,GOOD,224090
1140,FLAT_STUDIO,139990,0,45,3,AS_NEW,166088
1140,APARTMENT,215000,2,87,2,GOOD,223220
1140,PENTHOUSE,476000,3,156,4,AS_NEW,547782
1140,APARTMENT,235000,2,80,2,GOOD,232730
1140,HOUSE,330000,5,200,2,GOOD,459540
1140,APARTMENT,295000,1,83,2,AS_NEW,208680
1140,HOUSE,399000,4,175,3,GOOD,420330
1140,APARTMENT,305000,1,69,2,AS_NEW,250108
1140,APARTMENT,185000,2,81,2,TO_BE_DONE_UP,207700
1140,APARTMENT,320000,2,86,2,AS_NEW,305350
1140,APARTMENT,228000,1,67,2,AS_NEW,238358
1140,APARTMENT,225000,2,85,2,GOOD,230860
1140,FLAT_STUDIO,140000,0,40,1,AS_NEW,197657
1140,APARTMENT,385000,3,105,2,AS_NEW,357747
1140,APARTMENT,225000,2,72,2,AS_NEW,246918
1140,APARTMENT,290000,2,82,2,AS_NEW,286788
1140,APARTMENT,280000,2,96,2,AS_NEW,300855
1140,HOUSE,418000,5,138,4,GOOD,423635
1140,FLAT_STUDIO,129500,0,30,2,GOOD,142325
1140,APARTMENT,240000,3,96,3,GOOD,257245
1140,APARTMENT,370000,2,107,2,AS_NEW,373875
1140,HOUSE,525000,5,170,2,AS_NEW,510490
1140,HOUSE,695000,5,300,2,TO_BE_DONE_UP,601200
1140,APARTMENT,280000,2,74,2,GOOD,227883
1140,APARTMENT,199000,1,55,2,AS_NEW,218195
1140,PENTHOUSE,345000,2,80,2,GOOD,325960
1140,APARTMENT,330000,2,85,2,AS_NEW,303480
1140,FLAT_STUDIO,245000,0,40,2,AS_NEW,204397
1140,MIXED_USE_BUILDING,549000,4,200,2,TO_BE_DONE_UP,525200
1140,FLAT_STUDIO,270000,1,50,2,AS_NEW,246290
1140,PENTHOUSE,299000,2,101,4,AS_NEW,300970
1140,HOUSE,290000,2,113,2,TO_BE_DONE_UP,314945
1140,APARTMENT,250000,2,75,4,GOOD,238644
1140,PENTHOUSE,189000,2,90,2,AS_NEW,262894
1140,HOUSE,315000,5,190,2,TO_RENOVATE,387920
1140,APARTMENT,280000,2,83,2,GOOD,254690
1140,APARTMENT,240000,2,72,2,GOOD,233630
1140,APARTMENT,165000,1,66,4,GOOD,177155
1140,APARTMENT,205000,1,75,2,GOOD,205090
1140,APARTMENT,380000,3,120,3,AS_NEW,346485
1140,APARTMENT,299000,2,101,2,GOOD,286337
1140,APARTMENT,199999,2,95,2,GOOD,239490
1140,APARTMENT,175000,1,50,2,AS_NEW,210695
1140,APARTMENT,370000,2,95,2,AS_NEW,341374
1140,APARTMENT,245000,1,70,4,AS_NEW,257598
1140,APARTMENT,360000,3,102,2,AS_NEW,344827
1140,APARTMENT,235000,2,94,2,TO_RENOVATE,273947
1140,HOUSE,339000,4,260,3,GOOD,418750
1140,APARTMENT,245000,1,60,2,AS_NEW,231320
1140,HOUSE,589000,3,166,2,GOOD,414260
1140,APARTMENT,245000,2,75,4,JUST_RENOVATED,241810
1150,HOUSE,499000,4,160,2,TO_RENOVATE,641700
1150,APARTMENT,575000,3,115,2,AS_NEW,465558
1150,APARTMENT,345000,2,81,2,GOOD,332085
1150,APARTMENT,485000,2,115,2,GOOD,455237
1150,HOUSE,510000,3,104,2,TO_RENOVATE,433270
1150,APARTMENT,345000,2,94,4,GOOD,345620
1150,HOUSE,595000,3,140,3,GOOD,602005
1150,GROUND_FLOOR,380000,2,120,2,JUST_RENOVATED,424925
1150,APARTMENT,320000,2,90,4,GOOD,330770
1150,APARTMENT,379000,3,126,2,GOOD,450740
1150,APARTMENT,295000,2,103,2,TO_RENOVATE,334460
1150,APARTMENT,375000,2,87,2,JUST_RENOVATED,344142
1150,APARTMENT,449000,3,120,4,AS_NEW,472613
1150,APARTMENT,600000,3,175,2,GOOD,613510
1150,APARTMENT,515000,2,120,2,AS_NEW,493283
1150,HOUSE,675000,3,150,2,GOOD,653040
1150,HOUSE,695000,4,165,3,TO_BE_DONE_UP,668250
1150,HOUSE,745000,4,170,2,AS_NEW,679830
1150,APARTMENT,289000,1,88,3,GOOD,306940
1150,APARTMENT,425000,2,120,2,GOOD,435010
1150,APARTMENT,450000,2,127,3,AS_NEW,484575
1150,APARTMENT,290000,2,70,2,TO_BE_DONE_UP,266327
1150,APARTMENT,515000,3,134,2,TO_BE_DONE_UP,547250
1150,HOUSE,450000,2,94,3,TO_BE_DONE_UP,427390
1150,APARTMENT,735000,3,195,3,AS_NEW,707040
1150,FLAT_STUDIO,180000,0,42,1,GOOD,180115
1150,FLAT_STUDIO,199000,1,60,4,GOOD,190597
1150,APARTMENT,400000,2,90,2,GOOD,367660
1150,APARTMENT,425000,2,100,2,AS_NEW,419560
1150,GROUND_FLOOR,650000,2,180,3,GOOD,633555
1150,HOUSE,730000,4,236,2,GOOD,690430
1150,APARTMENT,645000,3,175,2,TO_RENOVATE,599000
1150,APARTMENT,299000,2,90,2,TO_RENOVATE,369720
1150,APARTMENT,395000,2,110,2,AS_NEW,396414
1150,APARTMENT,350000,2,95,2,TO_RENOVATE,362040
1150,APARTMENT,325000,3,110,2,TO_RENOVATE,350390
1150,APARTMENT,289000,2,75,2,AS_NEW,293470
1150,FLAT_STUDIO,229000,0,50,2,AS_NEW,213288
1150,APARTMENT,360000,2,112,2,AS_NEW,383508
1150,HOUSE,650000,3,140,2,JUST_RENOVATED,638615
1150,APARTMENT,475000,2,108,3,TO_BE_DONE_UP,455520
1150,APARTMENT,350000,2,95,2,GOOD,355600
1150,APARTMENT,320000,2,79,3,GOOD,311940
1150,APARTMENT,275000,2,85,2,GOOD,304810
1150,GROUND_FLOOR,390000,2,99,3,GOOD,381080
1150,APARTMENT,395000,2,112,2,AS_NEW,383508
1150,FLAT_STUDIO,135000,0,45,4,TO_BE_DONE_UP,135960
1150,HOUSE,690000,4,150,3,AS_NEW,642653
1150,HOUSE,645000,3,140,2,TO_BE_DONE_UP,621300
1150,APARTMENT,390000,2,102,2,GOOD,349370
1150,APARTMENT,595000,3,130,4,TO_BE_DONE_UP,569190
1150,APARTMENT,575000,5,169,3,TO_RENOVATE,598990
1150,APARTMENT,760000,2,188,2,AS_NEW,620730
1150,PENTHOUSE,475000,3,147,3,JUST_RENOVATED,634880
1150,APARTMENT,410000,3,119,2,GOOD,426410
1150,APARTMENT,380000,2,90,2,TO_RENOVATE,369720
1150,APARTMENT,150000,1,63,2,TO_RENOVATE,168920
1150,GROUND_FLOOR,449000,3,98,2,AS_NEW,437905
1150,APARTMENT_BLOCK,595000,6,240,2,GOOD,625460
1150,HOUSE,550000,4,120,3,TO_BE_DONE_UP,542370
1150,HOUSE,650000,4,182,2,AS_NEW,664400
1150,HOUSE,600000,4,140,2,GOOD,610315
1150,FLAT_STUDIO,220000,0,42,2,GOOD,202065
1150,APARTMENT,695000,2,140,4,AS_NEW,624630
1150,HOUSE,520000,3,176,3,TO_RENOVATE,592540
1150,APARTMENT,600000,3,175,2,TO_BE_DONE_UP,623680
1150,APARTMENT,399000,3,105,2,AS_NEW,404800
1150,HOUSE,695000,4,210,2,TO_RENOVATE,627680
1150,APARTMENT,260000,2,80,3,GOOD,316865
1150,APARTMENT,280000,1,55,2,AS_NEW,264870
1150,HOUSE,650000,4,192,2,GOOD,656590
1150,APARTMENT,470000,2,91,2,AS_NEW,429280
1150,APARTMENT,499000,2,115,2,AS_NEW,478191
1150,APARTMENT,350000,2,110,2,GOOD,391582
1150,APARTMENT,665000,3,155,2,GOOD,645180
1150,HOUSE,595000,3,115,3,TO_BE_DONE_UP,544790
1150,HOUSE,640000,4,167,2,GOOD,628850
1150,HOUSE,730000,5,160,3,TO_BE_DONE_UP,613960
1160,TOWN_HOUSE,750000,4,180,2,AS_NEW,690595
1160,FLAT_STUDIO,220000,0,41,2,GOOD,180680
1160,APARTMENT,390000,3,114,3,AS_NEW,428258
1160,HOUSE,650000,4,194,2,TO_BE_DONE_UP,610350
1160,TOWN_HOUSE,575000,3,147,2,AS_NEW,578340
1160,APARTMENT,550000,3,125,2,AS_NEW,557730
1160,APARTMENT,580000,2,117,2,AS_NEW,525990
1160,APARTMENT_BLOCK,475000,3,190,2,GOOD,528310
1160,HOUSE,585000,3,125,2,AS_NEW,566980
1160,GROUND_FLOOR,600000,3,166,4,AS_NEW,628230
1160,APARTMENT,575000,2,115,3,AS_NEW,449800
1160,APARTMENT,265000,2,75,2,JUST_RENOVATED,232840
1160,APARTMENT,325000,2,74,2,GOOD,210657
1160,HOUSE,670000,4,130,2,GOOD,608230
1160,APARTMENT,348000,2,95,2,TO_BE_DONE_UP,335204
1160,APARTMENT,340000,2,80,2,AS_NEW,337700
1160,MIXED_USE_BUILDING,645000,3,341,2,TO_BE_DONE_UP,637930
1160,PENTHOUSE,560000,3,152,2,AS_NEW,574460
1160,PENTHOUSE,440000,2,80,3,GOOD,320240
1160,HOUSE,469000,3,116,3,TO_BE_DONE_UP,474740
1160,SERVICE_FLAT,295000,2,110,2,AS_NEW,366190
1160,APARTMENT_BLOCK,490000,4,145,3,GOOD,511620
1160,HOUSE,550000,3,145,3,TO_BE_DONE_UP,523380
1160,DUPLEX,360000,3,100,2,AS_NEW,368333
1160,DUPLEX,475000,2,118,3,JUST_RENOVATED,502620
1160,APARTMENT,275000,2,106,3,AS_NEW,313430
1160,APARTMENT,245000,2,80,4,TO_RENOVATE,257438
1160,GROUND_FLOOR,699000,3,118,3,JUST_RENOVATED,609390
1160,APARTMENT,495000,2,109,2,AS_NEW,478610
1160,APARTMENT,265000,1,65,2,GOOD,248033
1160,APARTMENT_BLOCK,660000,3,192,3,GOOD,625710
1160,APARTMENT,415000,2,120,3,GOOD,483080
1160,APARTMENT,285000,1,70,2,AS_NEW,293565
1160,APARTMENT,255000,2,78,1,GOOD,270754
1160,SERVICE_FLAT,265000,2,75,2,AS_NEW,289760
1160,GROUND_FLOOR,280000,1,55,2,AS_NEW,263160
1160,PENTHOUSE,665000,2,141,2,AS_NEW,638365
1160,APARTMENT,399000,2,79,3,AS_NEW,361388
1160,GROUND_FLOOR,495000,2,107,2,AS_NEW,453860
1160,HOUSE,635000,4,142,2,GOOD,563500
1160,HOUSE,599000,4,196,2,AS_NEW,597200
1160,HOUSE,499000,4,196,2,GOOD,539270
1160,HOUSE,630000,5,180,2,GOOD,598455
1160,SERVICE_FLAT,190000,2,75,2,GOOD,205168
1160,APARTMENT,350000,2,95,2,GOOD,336277
1160,APARTMENT,670000,3,140,2,AS_NEW,618830
1160,APARTMENT,365000,2,110,4,TO_RENOVATE,340530
1160,APARTMENT,299000,2,85,3,TO_RENOVATE,288153
1160,HOUSE,495000,3,145,3,TO_RENOVATE,508410
1160,HOUSE,660000,4,218,2,GOOD,604990
1160,APARTMENT,495000,2,110,2,AS_NEW,461040
1160,GROUND_FLOOR,315000,2,77,2,AS_NEW,318680
1160,APARTMENT,299000,2,85,2,GOOD,299610
1160,APARTMENT,320000,2,91,2,JUST_RENOVATED,334107
1160,APARTMENT,380000,2,65,2,AS_NEW,339580
1160,APARTMENT,330000,2,87,2,GOOD,315680
1160,HOUSE,495000,2,120,2,JUST_RENOVATED,506548
1160,FLAT_STUDIO,199000,0,51,2,AS_NEW,200475
1170,APARTMENT,215000,1,54,2,GOOD,200950
1170,HOUSE,435000,3,125,2,TO_RENOVATE,419122
1170,APARTMENT,335000,1,78,2,AS_NEW,247070
1170,APARTMENT,250000,2,67,2,GOOD,224612
1170,HOUSE,660000,4,244,2,AS_NEW,658810
1170,DUPLEX,445000,3,115,2,JUST_RENOVATED,420928
1170,APARTMENT,235000,1,35,2,AS_NEW,209022
1170,HOUSE,470000,3,130,2,GOOD,445210
1170,HOUSE,600000,3,175,2,GOOD,522985
1170,HOUSE,595000,3,180,2,TO_BE_DONE_UP,572890
1170,HOUSE,565000,4,182,2,GOOD,573760
1170,APARTMENT,275000,2,75,2,AS_NEW,274550
1170,APARTMENT,299000,2,100,2,GOOD,309537
1170,PENTHOUSE,425000,3,125,2,GOOD,431350
1170,TOWN_HOUSE,575000,3,147,2,AS_NEW,546100
1170,HOUSE,499000,4,155,2,TO_RENOVATE,404090
1170,APARTMENT,399000,2,97,3,TO_BE_DONE_UP,350707
1170,DUPLEX,369000,2,100,2,JUST_RENOVATED,355913
1180,SERVICE_FLAT,115000,1,45,2,AS_NEW,178869
1180,APARTMENT,575000,3,180,2,TO_RENOVATE,571050
1180,APARTMENT,489000,3,130,4,JUST_RENOVATED,489532
1180,DUPLEX,495000,3,145,2,AS_NEW,521215
1180,APARTMENT,349000,2,93,2,GOOD,335930
1180,APARTMENT,245000,2,78,2,TO_BE_DONE_UP,260040
1180,HOUSE,690000,4,250,2,TO_BE_DONE_UP,659440
1180,APARTMENT,750000,1,140,2,GOOD,665240
1180,APARTMENT,595000,2,125,2,AS_NEW,564523
1180,SERVICE_FLAT,238000,1,55,2,AS_NEW,233620
1180,APARTMENT,410000,1,110,4,GOOD,417140
1180,APARTMENT,395000,2,80,2,GOOD,276700
1180,APARTMENT,498000,2,120,2,AS_NEW,477600
1180,PENTHOUSE,375000,1,65,2,GOOD,316790
1180,APARTMENT,375000,2,97,3,AS_NEW,350182
1180,APARTMENT,375500,2,99,2,AS_NEW,354175
1180,PENTHOUSE,380000,2,88,2,AS_NEW,336582
1180,APARTMENT,635000,4,210,2,AS_NEW,617600
1180,DUPLEX,495000,2,125,2,AS_NEW,495540
1180,DUPLEX,529000,3,118,4,JUST_RENOVATED,509997
1180,APARTMENT,445000,3,135,2,TO_BE_DONE_UP,450292
1180,GROUND_FLOOR,360000,3,129,2,GOOD,440795
1180,APARTMENT,555000,2,110,2,GOOD,458475
1180,APARTMENT,575000,3,163,4,TO_BE_DONE_UP,562290
1180,APARTMENT,220000,1,85,2,TO_RENOVATE,255525
1180,APARTMENT,595000,2,150,3,AS_NEW,584990
1180,HOUSE,395000,3,89,2,TO_RENOVATE,376220
1180,APARTMENT,422500,3,113,2,AS_NEW,428844
1180,APARTMENT,405500,3,121,2,AS_NEW,398629
1180,APARTMENT,585000,2,113,3,JUST_RENOVATED,527657
1180,FLAT_STUDIO,175000,0,40,1,GOOD,174530
1180,APARTMENT,259000,2,75,3,GOOD,259820
1180,PENTHOUSE,575000,2,142,2,AS_NEW,584420
1180,APARTMENT,295000,2,80,4,AS_NEW,272540
1180,APARTMENT,282500,1,74,2,AS_NEW,271924
1180,APARTMENT,480000,3,140,4,JUST_RENOVATED,501595
1180,APARTMENT,250000,1,70,2,AS_NEW,325520
1180,APARTMENT,295500,1,74,2,AS_NEW,271924
1180,APARTMENT,225000,1,65,2,GOOD,229190
1180,GROUND_FLOOR,435000,3,145,2,TO_RENOVATE,435450
1180,APARTMENT,315500,2,88,2,AS_NEW,285492
1180,APARTMENT,249000,2,70,3,GOOD,252170
1180,APARTMENT,249000,1,61,3,GOOD,234485
1180,APARTMENT,250000,3,110,4,TO_RENOVATE,275790
1180,GROUND_FLOOR,359000,1,120,2,AS_NEW,411510
1180,APARTMENT,422500,3,116,2,AS_NEW,431754
1180,APARTMENT,350500,2,98,2,AS_NEW,353566
1180,APARTMENT,412500,3,116,2,AS_NEW,431754
1180,APARTMENT,355500,2,101,2,AS_NEW,349124
1180,APARTMENT,425000,2,150,2,TO_RENOVATE,424730
1180,APARTMENT,360500,2,99,2,AS_NEW,354175
1180,APARTMENT,495000,4,175,3,AS_NEW,529570
1180,APARTMENT,580000,3,160,2,AS_NEW,561730
1180,APARTMENT,279900,2,92,2,AS_NEW,323855
1180,DUPLEX,356000,3,108,2,JUST_RENOVATED,381780
1180,APARTMENT,365500,2,98,2,AS_NEW,353566
1180,APARTMENT,317500,2,97,2,AS_NEW,334823
1180,APARTMENT,345000,2,116,2,GOOD,375917
1180,APARTMENT,392500,2,109,2,AS_NEW,423830
1180,APARTMENT,496500,3,133,2,AS_NEW,498430
1180,APARTMENT,325500,2,94,2,AS_NEW,328688
1180,APARTMENT,412500,3,113,2,AS_NEW,428844
1180,APARTMENT,575000,4,210,2,TO_BE_DONE_UP,587970
1180,APARTMENT,397500,3,121,2,AS_NEW,398629
1180,APARTMENT,350000,2,107,2,GOOD,368890
1180,HOUSE,390000,3,130,2,JUST_RENOVATED,405598
1180,APARTMENT,565000,2,119,2,AS_NEW,480535
1180,HOUSE,299000,3,115,2,TO_RENOVATE,315693
1180,GROUND_FLOOR,399000,2,120,4,GOOD,426030
1180,APARTMENT,480000,2,120,2,TO_BE_DONE_UP,443727
1180,GROUND_FLOOR,320000,2,97,3,GOOD,327465
1180,APARTMENT,339000,2,90,2,GOOD,331210
1180,APARTMENT,460500,3,113,2,AS_NEW,428844
1180,GROUND_FLOOR,659000,2,158,3,AS_NEW,566480
1180,APARTMENT,345000,2,75,2,AS_NEW,317148
1180,APARTMENT,259000,2,73,3,GOOD,256510
1180,APARTMENT,180000,1,47,1,TO_BE_DONE_UP,144795
1180,APARTMENT,330000,3,115,4,AS_NEW,382452
1180,APARTMENT,269000,2,78,3,GOOD,266140
1180,APARTMENT,585000,2,136,3,AS_NEW,593420
1180,APARTMENT,320500,2,84,2,AS_NEW,285750
1180,APARTMENT,365000,2,96,3,AS_NEW,349820
1180,APARTMENT,298000,2,100,3,GOOD,303945
1180,APARTMENT,300000,2,87,3,GOOD,319410
1180,APARTMENT,500000,3,150,2,AS_NEW,536520
1180,DUPLEX,350000,2,130,2,TO_BE_DONE_UP,389600
1180,TRIPLEX,450000,2,132,2,AS_NEW,465310
1180,APARTMENT,695000,3,141,2,AS_NEW,612708
1180,FLAT_STUDIO,180000,1,37,2,GOOD,174567
1180,HOUSE,399000,2,105,2,JUST_RENOVATED,388283
1180,APARTMENT,200000,1,59,2,GOOD,205091
1180,APARTMENT,427500,3,116,2,AS_NEW,431754
1180,LOFT,450000,2,132,3,GOOD,516640
1180,APARTMENT,350500,2,99,2,AS_NEW,354175
1180,APARTMENT,525000,2,130,2,AS_NEW,527840
1180,APARTMENT,380000,3,123,2,GOOD,403396
1180,APARTMENT,450000,3,95,2,GOOD,346020
1180,FLAT_STUDIO,175000,0,41,2,GOOD,181600
1180,APARTMENT,439000,4,187,3,AS_NEW,498300
1180,APARTMENT,190000,1,46,2,TO_RENOVATE,163265
1180,APARTMENT,299000,2,104,4,GOOD,317870
1180,HOUSE,389000,3,133,2,TO_RENOVATE,420150
1180,APARTMENT,295000,2,100,2,GOOD,299525
1180,APARTMENT,220000,1,55,2,AS_NEW,223045
1180,APARTMENT,457500,3,116,2,AS_NEW,431754
1180,DUPLEX,549000,3,118,4,JUST_RENOVATED,509997
1180,APARTMENT,330000,2,85,2,GOOD,316820
1180,GROUND_FLOOR,659000,2,145,4,JUST_RENOVATED,611070
1180,APARTMENT,190000,1,62,2,TO_BE_DONE_UP,200115
1180,GROUND_FLOOR,350000,2,160,2,TO_RENOVATE,399900
1180,APARTMENT,245000,2,75,2,TO_BE_DONE_UP,257576
1180,APARTMENT,269000,2,104,2,GOOD,299020
1180,APARTMENT,275000,2,88,2,AS_NEW,285492
1180,APARTMENT,459000,2,98,4,JUST_RENOVATED,421867
1180,APARTMENT,50000,1,80,2,AS_NEW,129887
1180,PENTHOUSE,475000,3,130,2,JUST_RENOVATED,458120
1180,APARTMENT,640000,3,165,2,JUST_RENOVATED,550027
1180,HOUSE,399000,3,115,2,GOOD,389805
1180,APARTMENT,654000,3,175,2,JUST_RENOVATED,630340
1180,FLAT_STUDIO,175000,0,32,3,GOOD,162430
1180,APARTMENT,382500,3,120,2,AS_NEW,390641
1180,APARTMENT,345000,1,70,2,AS_NEW,325520
1180,APARTMENT,660000,3,185,2,GOOD,603970
1180,APARTMENT,299000,2,75,2,JUST_RENOVATED,279866
1180,GROUND_FLOOR,495000,3,135,2,AS_NEW,502535
1180,APARTMENT,627000,3,175,2,AS_NEW,616570
1180,APARTMENT,315000,1,72,2,AS_NEW,301302
1180,APARTMENT,304500,2,90,3,AS_NEW,302850
1180,APARTMENT,380000,2,125,2,GOOD,489618
1180,GROUND_FLOOR,595000,4,176,2,AS_NEW,570725
1180,APARTMENT,420000,2,120,2,TO_BE_DONE_UP,443727
1180,APARTMENT,165000,1,45,1,GOOD,166845
1180,APARTMENT,372500,3,117,2,AS_NEW,390666
1180,APARTMENT,370500,3,111,2,AS_NEW,378741
1180,APARTMENT,585000,3,167,3,TO_RENOVATE,573600
1180,APARTMENT,290000,3,107,4,TO_RENOVATE,288180
1180,APARTMENT,680000,3,182,2,GOOD,663735
1180,APARTMENT,390500,3,120,2,AS_NEW,390641
1180,APARTMENT,293000,1,96,2,TO_RENOVATE,312272
1180,HOUSE,630000,4,181,2,GOOD,586275
1180,APARTMENT,325500,2,93,2,AS_NEW,342912
1180,APARTMENT,540000,2,140,2,GOOD,509580
1180,HOUSE,399000,3,140,2,AS_NEW,526387
1180,APARTMENT,367000,3,120,3,GOOD,393860
1180,LOFT,420000,3,125,2,AS_NEW,468529
1180,APARTMENT,312500,2,92,2,AS_NEW,323855
1180,HOUSE,649000,3,140,2,AS_NEW,526387
1180,APARTMENT,320500,2,96,2,AS_NEW,332458
1180,APARTMENT,369000,2,93,2,AS_NEW,342912
1180,HOUSE,435000,4,185,2,GOOD,487210
1180,APARTMENT,335500,2,96,2,AS_NEW,332458
1180,APARTMENT,340500,2,94,2,AS_NEW,328688
1180,APARTMENT,620000,2,130,3,GOOD,580660
1180,HOUSE,450000,4,170,2,GOOD,513850
1180,HOUSE,690000,2,191,2,AS_NEW,651630
1180,HOUSE,725000,4,260,2,AS_NEW,689160
1180,APARTMENT,380000,3,100,2,GOOD,314785
1180,HOUSE,525000,4,170,2,GOOD,513850
1180,APARTMENT,625000,3,200,3,AS_NEW,629830
1180,FLAT_STUDIO,195000,1,50,2,AS_NEW,201970
1180,APARTMENT,640000,4,190,2,GOOD,640370
1180,PENTHOUSE,285000,1,76,2,GOOD,302251
1180,APARTMENT,600000,2,118,4,AS_NEW,522435
1180,APARTMENT,340500,2,98,2,AS_NEW,353566
1180,APARTMENT,515000,2,108,4,AS_NEW,465300
1180,APARTMENT,750000,3,180,4,AS_NEW,703750
1180,GROUND_FLOOR,649000,2,133,4,JUST_RENOVATED,606044
1180,APARTMENT,410000,1,82,2,GOOD,257775
1180,DUPLEX,469000,3,99,2,AS_NEW,435336
1180,GROUND_FLOOR,499000,3,130,2,TO_BE_DONE_UP,419629
1180,APARTMENT,595000,2,124,2,AS_NEW,561698
1180,APARTMENT,375000,2,89,2,JUST_RENOVATED,381935
1180,FLAT_STUDIO,190000,0,45,2,GOOD,186770
1180,APARTMENT,430000,2,110,3,AS_NEW,425110
1180,GROUND_FLOOR,247000,1,86,2,AS_NEW,244825
1180,APARTMENT,680000,5,195,4,TO_BE_DONE_UP,654690
1180,APARTMENT,360000,3,115,3,AS_NEW,380142
1180,APARTMENT,350000,3,110,2,TO_BE_DONE_UP,363528
1180,HOUSE,475000,3,160,2,TO_RENOVATE,443965
1180,APARTMENT,499000,3,159,4,JUST_RENOVATED,517230
1180,VILLA,725000,3,154,4,AS_NEW,655100
1180,HOUSE,440000,3,145,2,GOOD,424155
1180,APARTMENT,325000,2,95,2,GOOD,323835
1180,APARTMENT,410000,2,98,2,TO_RENOVATE,369949
1180,APARTMENT,245000,1,65,2,GOOD,229190
1180,APARTMENT,650000,3,190,3,GOOD,646850
1180,APARTMENT,495000,2,133,2,AS_NEW,517890
1180,APARTMENT,445000,2,86,2,JUST_RENOVATED,399725
1180,APARTMENT,286500,1,75,2,AS_NEW,284480
1180,APARTMENT,269000,2,75,2,TO_BE_DONE_UP,257576
1180,APARTMENT,545000,3,160,2,TO_BE_DONE_UP,516950
1180,APARTMENT,585000,2,136,3,JUST_RENOVATED,579700
1180,APARTMENT,595000,5,180,4,TO_RENOVATE,594060
1180,HOUSE,675000,5,202,2,GOOD,571600
1180,HOUSE,497500,3,180,2,GOOD,538665
1180,APARTMENT,285000,2,71,3,AS_NEW,309105
1180,APARTMENT,535000,3,120,4,GOOD,489162
1180,APARTMENT,497000,3,130,3,JUST_RENOVATED,492510
1180,HOUSE,300000,3,150,2,GOOD,351670
1180,APARTMENT,475000,2,135,2,GOOD,507343
1180,APARTMENT,590000,2,135,2,AS_NEW,559515
1180,APARTMENT,260500,1,74,2,AS_NEW,271924
1180,APARTMENT,315000,2,70,2,GOOD,253280
1190,APARTMENT,285000,2,91,2,AS_NEW,286226
1190,APARTMENT,195000,2,80,3,GOOD,212135
1190,DUPLEX,620000,3,169,3,AS_NEW,585550
1190,HOUSE,435000,4,185,2,GOOD,504770
1190,DUPLEX,259000,2,120,2,TO_RENOVATE,287610
1190,APARTMENT,160000,1,38,1,GOOD,166560
1190,APARTMENT,275000,2,83,2,AS_NEW,279463
1190,HOUSE,550000,4,173,2,AS_NEW,542490
1190,APARTMENT,210000,1,62,2,GOOD,209002
1190,HOUSE,625000,4,260,2,AS_NEW,642370
1190,APARTMENT,235000,1,85,3,GOOD,235100
1190,APARTMENT,229000,1,60,2,JUST_RENOVATED,213913
1190,APARTMENT_BLOCK,740000,6,340,2,GOOD,694010
1190,APARTMENT,465000,3,125,2,AS_NEW,454799
1190,APARTMENT,250000,2,84,2,TO_BE_DONE_UP,238760
1190,APARTMENT,244000,2,76,2,GOOD,228969
1190,APARTMENT,260000,1,70,2,JUST_RENOVATED,243500
1190,PENTHOUSE,475000,3,130,2,JUST_RENOVATED,439668
1190,APARTMENT,320000,2,100,2,GOOD,298263
1190,APARTMENT_BLOCK,305000,0,50,2,GOOD,171910
1190,TOWN_HOUSE,495000,3,238,2,TO_RENOVATE,502640
1190,APARTMENT,295000,2,103,2,GOOD,297295
1190,APARTMENT,290000,2,95,3,AS_NEW,303978
1190,APARTMENT,199000,2,75,2,GOOD,198039
1190,APARTMENT,159500,1,45,4,GOOD,148890
1190,APARTMENT,450000,2,120,2,JUST_RENOVATED,389398
1190,APARTMENT,250000,2,110,2,JUST_RENOVATED,334375
1190,APARTMENT,345000,4,150,2,TO_BE_DONE_UP,334360
1190,TRIPLEX,235000,3,88,2,GOOD,246190
1190,APARTMENT,350000,3,95,3,AS_NEW,330015
1190,APARTMENT,375000,3,109,2,JUST_RENOVATED,364930
1190,HOUSE,530000,4,300,2,GOOD,642850
1190,TOWN_HOUSE,600000,5,300,2,TO_RENOVATE,587000
1190,APARTMENT,230000,1,74,2,AS_NEW,244642
1190,HOUSE,550000,4,173,2,JUST_RENOVATED,534350
1190,APARTMENT,165000,1,52,3,GOOD,164183
1190,APARTMENT,169000,1,55,2,GOOD,168430
1190,DUPLEX,425000,3,140,2,AS_NEW,435325
1190,HOUSE,580000,4,230,2,TO_BE_DONE_UP,569970
1190,DUPLEX,395000,3,138,2,AS_NEW,412055
1190,DUPLEX,179000,2,75,2,GOOD,189557
1190,HOUSE,399000,4,240,2,TO_RENOVATE,450960
1190,FLAT_STUDIO,215000,1,31,2,JUST_RENOVATED,195150
1190,HOUSE,479000,4,175,1,AS_NEW,506950
1190,APARTMENT,220000,2,82,2,TO_BE_DONE_UP,225348
1190,HOUSE,495000,4,210,2,TO_BE_DONE_UP,541500
1190,HOUSE,645000,3,192,2,JUST_RENOVATED,590335
1190,HOUSE,425000,3,120,2,AS_NEW,412878
1190,APARTMENT,249000,4,135,2,GOOD,313007
1190,FLAT_STUDIO,159000,0,50,2,GOOD,172490
1190,APARTMENT,195000,2,75,2,GOOD,198039
1190,TRIPLEX,485000,4,185,2,AS_NEW,511390
1190,APARTMENT,200000,1,46,2,JUST_RENOVATED,191120
1190,HOUSE,400000,5,210,2,JUST_RENOVATED,490620
1190,HOUSE,640000,4,250,2,TO_BE_DONE_UP,619410
1190,HOUSE,639000,4,200,2,GOOD,604150
1190,TRIPLEX,300000,3,130,2,TO_BE_DONE_UP,328690
1190,APARTMENT,300000,2,110,2,TO_BE_DONE_UP,309460
1190,HOUSE,425000,3,120,2,GOOD,410060
1190,APARTMENT,240000,1,56,2,AS_NEW,240280
1190,APARTMENT,265000,2,85,2,GOOD,251290
1190,APARTMENT,295000,2,95,2,TO_RENOVATE,289903
1190,APARTMENT,375000,2,121,3,GOOD,380914
1200,APARTMENT,373000,3,115,2,AS_NEW,387783
1200,APARTMENT,455000,3,130,2,GOOD,438677
1200,APARTMENT,560000,3,153,2,AS_NEW,543657
1200,APARTMENT,395000,3,127,3,AS_NEW,436011
1200,HOUSE,570000,3,150,2,AS_NEW,558760
1200,APARTMENT,250000,1,55,2,AS_NEW,250620
1200,APARTMENT,310000,3,100,4,AS_NEW,351140
1200,APARTMENT,390000,3,126,2,TO_RENOVATE,401117
1200,APARTMENT,250000,2,80,2,GOOD,263123
1200,APARTMENT,325000,2,150,2,TO_RENOVATE,363653
1200,APARTMENT,295000,2,111,2,AS_NEW,324923
1200,APARTMENT,269000,1,82,3,GOOD,266458
1200,TOWN_HOUSE,749000,4,170,3,AS_NEW,692110
1200,HOUSE,765000,5,253,2,GOOD,666120
1200,MIXED_USE_BUILDING,425000,4,270,2,GOOD,493720
1200,GROUND_FLOOR,495000,3,108,2,AS_NEW,446255
1200,APARTMENT,335000,2,96,2,GOOD,339793
1200,APARTMENT,377000,2,92,2,AS_NEW,367263
1200,APARTMENT,425000,2,110,3,AS_NEW,409210
1200,FLAT_STUDIO,165000,0,44,2,TO_RENOVATE,174475
1200,APARTMENT,570000,2,200,2,AS_NEW,600570
1200,HOUSE,550000,4,218,2,TO_BE_DONE_UP,567340
1200,HOUSE,749000,6,230,2,AS_NEW,637410
1200,HOUSE,670000,3,196,3,GOOD,661060
1200,PENTHOUSE,398000,2,91,2,AS_NEW,370610
1200,DUPLEX,648000,3,169,2,AS_NEW,635530
1200,HOUSE,475000,4,153,2,GOOD,401883
1200,HOUSE,690000,6,245,2,TO_BE_DONE_UP,649430
1200,APARTMENT,315000,2,90,2,GOOD,314502
1200,APARTMENT,345000,2,106,1,TO_BE_DONE_UP,413050
1200,APARTMENT,310000,3,90,2,GOOD,316288
1200,APARTMENT,365000,2,95,4,JUST_RENOVATED,367570
1200,APARTMENT_BLOCK,580000,6,275,2,TO_BE_DONE_UP,578620
1200,HOUSE,625000,4,195,2,GOOD,619760
1200,APARTMENT,220000,1,60,2,JUST_RENOVATED,227083
1200,APARTMENT,265000,2,80,2,TO_BE_DONE_UP,258678
1200,APARTMENT,750000,4,200,3,GOOD,698220
1200,GROUND_FLOOR,464000,3,124,2,AS_NEW,491820
1200,MIXED_USE_BUILDING,335000,3,136,3,TO_BE_DONE_UP,394010
1200,APARTMENT,280000,2,86,2,AS_NEW,293030
1200,APARTMENT,365000,2,100,2,TO_BE_DONE_UP,360488
1200,DUPLEX,350000,3,97,2,GOOD,355683
1200,APARTMENT,255000,1,74,1,AS_NEW,277082
1200,APARTMENT,345000,2,92,2,GOOD,337282
1200,APARTMENT,290000,2,85,2,GOOD,290895
1200,APARTMENT,295000,1,70,2,AS_NEW,295142
1200,FLAT_STUDIO,175000,0,38,2,GOOD,195990
1200,HOUSE,695000,4,192,2,TO_BE_DONE_UP,665310
1200,APARTMENT,345000,2,110,2,GOOD,391205
1200,APARTMENT,289000,2,87,2,GOOD,289881
1200,APARTMENT,360000,2,108,2,GOOD,380130
1200,APARTMENT,298000,2,83,2,GOOD,292845
1200,APARTMENT,287500,2,82,2,GOOD,281823
1200,APARTMENT,230000,1,47,2,GOOD,221350
1200,APARTMENT,286000,1,66,1,AS_NEW,286030
1200,APARTMENT,245000,1,58,2,GOOD,233905
1200,APARTMENT,270000,2,80,2,GOOD,263123
1200,APARTMENT,589000,3,124,2,AS_NEW,537382
1200,APARTMENT,445000,2,120,2,AS_NEW,382218
1200,APARTMENT,474000,2,105,2,GOOD,425080
1200,SERVICE_FLAT,215000,1,40,2,TO_BE_DONE_UP,196670
1200,APARTMENT,560000,2,194,2,AS_NEW,615360
1200,PENTHOUSE,750000,2,134,3,AS_NEW,681700
1200,APARTMENT,410000,3,109,2,GOOD,408480
1200,APARTMENT,465000,3,120,3,AS_NEW,436385
1200,APARTMENT,295000,2,75,2,AS_NEW,286455
1200,APARTMENT,360000,2,90,3,AS_NEW,323657
1200,PENTHOUSE,425000,2,105,2,GOOD,425000
1200,PENTHOUSE,369000,2,87,2,AS_NEW,353495
1200,APARTMENT,495000,3,139,3,GOOD,483560
1200,APARTMENT,349000,2,120,2,AS_NEW,382218
1200,APARTMENT,426000,2,102,2,AS_NEW,409890
1200,APARTMENT,199000,1,68,2,GOOD,223986
1200,APARTMENT,345000,3,100,3,AS_NEW,351020
1200,APARTMENT,384000,2,100,2,AS_NEW,380853
1200,FLAT_STUDIO,195000,0,28,2,GOOD,182285
1200,APARTMENT,320000,2,90,2,GOOD,314502
1200,APARTMENT,725000,4,178,3,GOOD,664990
1200,APARTMENT,495000,4,180,3,TO_BE_DONE_UP,556030
1200,GROUND_FLOOR,250000,1,61,2,TO_RENOVATE,241470
1200,HOUSE,675000,5,180,2,AS_NEW,637930
1200,FLAT_STUDIO,205000,0,48,2,AS_NEW,215783
1200,APARTMENT,645000,3,178,2,GOOD,639730
1200,APARTMENT,275000,1,65,2,GOOD,252198
1200,HOUSE,490000,3,120,2,GOOD,435910
1200,APARTMENT,210000,1,49,2,GOOD,212220
1200,APARTMENT,675000,4,220,2,TO_RENOVATE,623430
1200,APARTMENT,547500,3,151,3,GOOD,431290
1200,APARTMENT,365000,2,92,2,AS_NEW,367263
1200,GROUND_FLOOR,310000,2,104,2,AS_NEW,363120
1200,APARTMENT,360000,2,92,2,AS_NEW,367263
1200,APARTMENT,490000,3,139,2,GOOD,475873
1200,APARTMENT,394000,2,95,2,AS_NEW,379318
1200,APARTMENT,279000,1,71,2,AS_NEW,279705
1200,APARTMENT,239000,1,65,2,GOOD,252198
1200,APARTMENT,229000,2,72,2,TO_RENOVATE,234910
1200,FLAT_STUDIO,150000,0,32,2,TO_RENOVATE,160180
1200,APARTMENT,415000,3,130,2,GOOD,438677
1200,APARTMENT,649000,3,114,2,GOOD,535257
1200,APARTMENT,395000,3,120,3,GOOD,433670
1200,APARTMENT,230000,2,79,2,TO_RENOVATE,254668
1200,PENTHOUSE,345000,1,74,2,GOOD,312450
1200,GROUND_FLOOR,270000,1,77,2,AS_NEW,280900
1200,SERVICE_FLAT,215000,1,48,2,AS_NEW,207340
1200,APARTMENT,455000,3,136,2,AS_NEW,464735
1200,APARTMENT,460000,3,137,2,AS_NEW,471620
1200,APARTMENT,250000,1,63,2,TO_BE_DONE_UP,242178
1200,HOUSE,580000,3,178,2,GOOD,585115
1200,TRIPLEX,520000,4,143,2,AS_NEW,481420
1200,DUPLEX,295000,2,80,3,AS_NEW,332330
1200,APARTMENT,281000,1,66,2,AS_NEW,283590
1200,APARTMENT,270000,2,86,2,GOOD,291980
1200,FLAT_STUDIO,255000,0,50,2,AS_NEW,232233
1200,PENTHOUSE,595000,2,147,2,AS_NEW,584440
1200,APARTMENT,303000,1,64,2,AS_NEW,290500
1210,APARTMENT,179000,1,52,2,GOOD,172270
1210,HOUSE,699000,5,365,2,AS_NEW,659950
1210,APARTMENT,349000,2,105,2,JUST_RENOVATED,343540
1210,APARTMENT,310000,2,80,2,AS_NEW,298962
1210,FLAT_STUDIO,155000,1,35,2,GOOD,156840
1210,APARTMENT,295000,3,108,2,GOOD,302820
1210,APARTMENT,169000,1,86,2,TO_RENOVATE,187630
1210,HOUSE,745000,5,250,2,GOOD,700090
1210,FLAT_STUDIO,139000,1,30,4,GOOD,137840
1210,APARTMENT,275000,2,71,2,AS_NEW,270498
1210,APARTMENT,179000,1,86,2,TO_RENOVATE,187630
1210,HOUSE,370000,4,170,2,TO_BE_DONE_UP,425510
1210,APARTMENT,325000,3,96,2,GOOD,322312
1210,APARTMENT,185000,2,70,2,TO_RENOVATE,195760
1210,APARTMENT,300000,2,78,3,GOOD,278913
1210,DUPLEX,285000,3,94,2,GOOD,314630
1210,FLAT_STUDIO,159000,0,50,1,GOOD,168925
1210,PENTHOUSE,369000,2,120,2,GOOD,379030
1210,HOUSE,499000,6,195,2,GOOD,552050
1210,HOUSE,650000,5,364,2,AS_NEW,659950
1210,APARTMENT,295000,2,85,2,GOOD,274330
1210,APARTMENT,265000,2,95,2,TO_BE_DONE_UP,277400
1210,APARTMENT,549000,6,343,2,TO_BE_DONE_UP,585190
1210,APARTMENT,435000,3,119,3,GOOD,413861
1210,DUPLEX,315000,2,100,2,GOOD,307883
1210,APARTMENT_BLOCK,639000,4,230,2,GOOD,610850
1210,APARTMENT,115000,1,50,4,GOOD,129000
1210,HOUSE,500000,6,215,2,TO_RENOVATE,545880
1210,APARTMENT,125000,1,45,2,TO_BE_DONE_UP,130435
1210,TRIPLEX,275000,3,140,2,TO_RENOVATE,314110
1210,DUPLEX,298000,3,95,2,JUST_RENOVATED,324970
1210,PENTHOUSE,299000,2,75,2,JUST_RENOVATED,292740
1210,APARTMENT,275000,2,105,3,TO_BE_DONE_UP,310795
1210,APARTMENT,310000,2,96,2,GOOD,302749
1210,FLAT_STUDIO,215000,0,63,2,AS_NEW,226580
1210,APARTMENT,219000,1,45,2,JUST_RENOVATED,183415
1210,APARTMENT,195000,2,90,2,GOOD,232743
